录音,销售名称,学员ID,group_id,通话时长,接听状态,响铃时长,坐席号,客户电话,外呼时间,双方接听时间,_source_sheet_name
  ,EGCC-fatmamohamed,student (62847403),5978,00:00:00,用户忙,00:00:00,2310(Maqsam),966****5867,2026-04-14 21:16:20,,20260414通话记录
  ,EGCC-eman.amr,student (62888977),5977,00:00:00,用户忙,00:00:00,2289(Maqsam),966****9771,2026-04-14 21:12:41,,20260414通话记录
   ,EGCC-fatmamohamed,student (62866060),5978,"00:00:02

(To. 00:00:02)",双方接通,00:00:00,2310(Maqsam),966****2779,2026-04-14 00:47:19,2026-04-14 00:47:19,20260414通话记录
  ,EGCC-maiwaheed,student (62901602),5978,00:00:00,客户未接听,00:00:00,2313(Maqsam),966****4041,2026-04-14 02:12:34,,20260414通话记录
   ,EGCC-eman.amr,student (62904276),5977,"00:00:24

(To. 00:00:24)",双方接通,00:00:00,2289(Maqsam),966****8117,2026-04-14 22:18:59,2026-04-14 22:18:59,20260414通话记录
  ,51habiba.hassan,student (62912441),5977,00:00:00,客户未接听,00:00:00,2244(Maqsam),966****2806,2026-04-14 21:28:33,,20260414通话记录
  ,EGCC-eman.amr,student (62929082),5977,00:00:00,用户忙,00:00:00,2289(Maqsam),966****6410,2026-04-14 20:59:07,,20260414通话记录
  ,EGCC-maiwaheed,student (62170840),5978,00:00:00,in_progress,00:00:00,2313(Maqsam),966****4977,2026-04-14 21:50:42,,20260414通话记录
   ,51nadamuhammad,student (62924762),5978,"00:00:06

(To. 00:00:06)",双方接通,00:00:00,2245(Maqsam),966****4609,2026-04-14 21:47:26,2026-04-14 21:47:26,20260414通话记录
   ,51nadamuhammad,student (62932011),5978,"00:01:31

(To. 00:01:31)",双方接通,00:00:00,2245(Maqsam),966****7851,2026-04-14 21:41:25,2026-04-14 21:41:25,20260414通话记录
  ,51nadamuhammad,student (62924762),5978,00:00:00,用户忙,00:00:00,2245(Maqsam),966****4609,2026-04-14 21:48:12,,20260414通话记录
   ,EGCC-maiwaheed,student (62923270),5978,"00:11:29

(To. 00:11:29)",双方接通,00:00:00,2313(Maqsam),966****4019,2026-04-14 19:47:16,2026-04-14 19:47:16,20260414通话记录
  ,EGCC-fatmamohamed,student (62921610),5978,00:00:00,客户未接听,00:00:00,2310(Maqsam),966****7426,2026-04-14 00:45:42,,20260414通话记录
  ,51nadamuhammad,Lateen (62855945),5978,00:00:00,用户忙,00:00:00,2245(Maqsam),966****4464,2026-04-14 20:44:43,,20260414通话记录
  ,EGCC-maiwaheed,student (61925419),5978,00:00:00,客户未接听,00:00:00,2313(Maqsam),966****3801,2026-04-14 22:04:36,,20260414通话记录
   ,51habiba.hassan,student (60510984),5977,"00:00:07

(To. 00:00:07)",双方接通,00:00:00,2244(Maqsam),966****4907,2026-04-14 19:46:40,2026-04-14 19:46:40,20260414通话记录
  ,EGCC-fatmamohamed,student (0),5978,00:00:00,客户未接听,00:00:00,2310(Maqsam),966****8712,2026-04-14 01:55:32,,20260414通话记录
   ,EGCC-eman.amr,student (62904964),5977,"00:00:19

(To. 00:00:19)",双方接通,00:00:00,2289(Maqsam),966****3819,2026-04-14 22:22:44,2026-04-14 22:22:44,20260414通话记录
  ,EGCC-tasneemmahmoud,student (62921027),5978,00:00:00,用户忙,00:00:00,2311(Maqsam),966****0626,2026-04-14 00:43:18,,20260414通话记录
  ,51nadamuhammad,student (62867224),5978,00:00:00,客户未接听,00:00:00,2245(Maqsam),966****0953,2026-04-14 21:03:17,,20260414通话记录
   ,EGCC-eman.amr,student (62929082),5977,"00:00:21

(To. 00:00:21)",双方接通,00:00:00,2289(Maqsam),966****6410,2026-04-14 19:37:24,2026-04-14 19:37:24,20260414通话记录
  ,EGCC-eman.amr,student (58288227),5977,00:00:00,用户忙,00:00:00,2289(Maqsam),966****5106,2026-04-14 23:20:31,,20260414通话记录
  ,EGCC-fatmamohamed,student (62874688),5978,00:00:00,客户未接听,00:00:00,2310(Maqsam),966****5809,2026-04-14 01:01:41,,20260414通话记录
  ,EGCC-eman.amr,student (62850184),5977,00:00:00,用户忙,00:00:00,2289(Maqsam),966****7230,2026-04-14 21:07:33,,20260414通话记录
  ,51nadamuhammad,student (62913405),5978,00:00:00,in_progress,00:00:00,2245(Maqsam),966****1903,2026-04-14 01:23:56,,20260414通话记录
   ,EGCC-tasneemmahmoud,student (0),5978,"00:05:11

(To. 00:05:11)",双方接通,00:00:00,2311(Maqsam),966****2644,2026-04-14 02:26:12,2026-04-14 02:26:12,20260414通话记录
   ,EGCC-eman.amr,student (62866292),5977,"00:12:18

(To. 00:12:18)",双方接通,00:00:00,2289(Maqsam),966****7947,2026-04-14 18:28:31,2026-04-14 18:28:31,20260414通话记录
  ,EGCC-maiwaheed,student (62161721),5978,00:00:00,用户忙,00:00:00,2313(Maqsam),966****4723,2026-04-14 21:52:48,,20260414通话记录
   ,EGCC-maiwaheed,student (62919304),5978,"00:00:20

(To. 00:00:20)",双方接通,00:00:00,2313(Maqsam),966****9976,2026-04-14 02:26:47,2026-04-14 02:26:47,20260414通话记录
   ,EGCC-eman.amr,student (62908303),5977,"00:01:46

(To. 00:01:46)",双方接通,00:00:00,2289(Maqsam),966****5879,2026-04-14 22:34:28,2026-04-14 22:34:28,20260414通话记录
  ,EGCC-fatmamohamed,student (62927256),5978,00:00:00,客户未接听,00:00:00,2310(Maqsam),966****6501,2026-04-14 20:40:25,,20260414通话记录
  ,EGCC-eman.amr,House (62852575),5977,00:00:00,in_progress,00:00:00,2289(Maqsam),966****5816,2026-04-14 19:54:04,,20260414通话记录
   ,EGCC-fatmamohamed,student (62862326),5978,"00:02:36

(To. 00:02:36)",双方接通,00:00:00,2310(Maqsam),966****1816,2026-04-14 02:14:24,2026-04-14 02:14:24,20260414通话记录
   ,EGCC-maiwaheed,shareefah (62922404),5978,"00:08:23

(To. 00:08:23)",双方接通,00:00:00,2313(Maqsam),966****8715,2026-04-14 01:00:00,2026-04-14 01:00:00,20260414通话记录
   ,EGCC-eman.amr,student (60510984),5977,"00:00:20

(To. 00:00:20)",双方接通,00:00:00,2289(Maqsam),966****4907,2026-04-14 21:05:18,2026-04-14 21:05:18,20260414通话记录
   ,EGCC-eman.amr,student (62882783),5977,"00:00:19

(To. 00:00:19)",双方接通,00:00:00,2289(Maqsam),966****4428,2026-04-14 21:26:08,2026-04-14 21:26:08,20260414通话记录
  ,EGCC-tasneemmahmoud,student (62920772),5978,00:00:00,用户忙,00:00:00,2311(Maqsam),966****9213,2026-04-14 01:00:24,,20260414通话记录
  ,EGCC-maiwaheed,student (62928040),5978,00:00:00,客户未接听,00:00:00,2313(Maqsam),966****7664,2026-04-14 20:03:25,,20260414通话记录
  ,EGCC-eman.amr,student (62890831),5977,00:00:00,用户忙,00:00:00,2289(Maqsam),966****4301,2026-04-14 21:32:15,,20260414通话记录
  ,51habiba.hassan,student (62927574),5977,00:00:00,用户忙,00:00:00,2244(Maqsam),966****4646,2026-04-14 21:26:06,,20260414通话记录
  ,EGCC-eman.amr,student (62910326),5977,00:00:00,用户忙,00:00:00,2289(Maqsam),966****5336,2026-04-14 19:45:44,,20260414通话记录
  ,EGCC-maiwaheed,shareefah (62922404),5978,00:00:00,用户忙,00:00:00,2313(Maqsam),966****8715,2026-04-14 01:43:38,,20260414通话记录
   ,EGCC-eman.amr,student (62851657),5977,"00:03:59

(To. 00:03:59)",双方接通,00:00:00,2289(Maqsam),966****2759,2026-04-14 20:59:57,2026-04-14 20:59:57,20260414通话记录
   ,51nadamuhammad,student (62839696),5978,"00:04:02

(To. 00:04:02)",双方接通,00:00:00,2245(Maqsam),966****4806,2026-04-14 20:34:54,2026-04-14 20:34:54,20260414通话记录
  ,EGCC-maiwaheed,student (62931263),5978,00:00:00,客户未接听,00:00:00,2313(Maqsam),966****5212,2026-04-14 20:34:57,,20260414通话记录
  ,EGCC-maiwaheed,student (62906963),5978,00:00:00,客户未接听,00:00:00,2313(Maqsam),966****0314,2026-04-14 17:50:11,,20260414通话记录
  ,EGCC-fatmamohamed,student (62859086),5978,00:00:00,客户未接听,00:00:00,2310(Maqsam),966****1010,2026-04-14 01:58:12,,20260414通话记录
  ,51habiba.hassan,student (62904435),5977,00:00:00,客户未接听,00:00:00,2244(Maqsam),966****7305,2026-04-14 21:58:29,,20260414通话记录
   ,EGCC-maiwaheed,student (62928241),5978,"00:03:14

(To. 00:03:14)",双方接通,00:00:00,2313(Maqsam),966****3324,2026-04-14 19:40:44,2026-04-14 19:40:44,20260414通话记录
  ,EGCC-maiwaheed,student (62904740),5978,00:00:00,客户未接听,00:00:00,2313(Maqsam),966****1933,2026-04-14 20:42:57,,20260414通话记录
   ,51nadamuhammad,student (0),5978,"00:00:07

(To. 00:00:07)",双方接通,00:00:00,2245(Maqsam),966****6848,2026-04-14 21:14:38,2026-04-14 21:14:38,20260414通话记录
   ,EGCC-eman.amr,student (62805158),5977,"00:00:32

(To. 00:00:32)",双方接通,00:00:00,2289(Maqsam),966****1883,2026-04-14 23:57:33,2026-04-14 23:57:33,20260414通话记录
   ,EGCC-tasneemmahmoud,student (62919304),5978,"00:01:06

(To. 00:01:06)",双方接通,00:00:00,2311(Maqsam),966****9976,2026-04-14 02:22:02,2026-04-14 02:22:02,20260414通话记录
  ,EGCC-maiwaheed,student (62922437),5978,00:00:00,用户忙,00:00:00,2313(Maqsam),966****8556,2026-04-14 18:25:02,,20260414通话记录
  ,EGCC-maiwaheed,student (62761173),5978,00:00:00,in_progress,00:00:00,2313(Maqsam),966****5736,2026-04-14 18:26:49,,20260414通话记录
  ,EGCC-maiwaheed,student (62916140),5978,00:00:00,用户忙,00:00:00,2313(Maqsam),966****0339,2026-04-14 01:08:48,,20260414通话记录
   ,EGCC-tasneemmahmoud,student (62913427),5978,"00:00:15

(To. 00:00:15)",双方接通,00:00:00,2311(Maqsam),966****8217,2026-04-14 00:41:51,2026-04-14 00:41:51,20260414通话记录
   ,EGCC-tasneemmahmoud,student (0),5978,"00:04:50

(To. 00:04:50)",双方接通,00:00:00,2311(Maqsam),966****1597,2026-04-14 01:39:59,2026-04-14 01:39:59,20260414通话记录
   ,EGCC-maiwaheed,student (62916140),5978,"00:02:49

(To. 00:02:49)",双方接通,00:00:00,2313(Maqsam),966****0339,2026-04-14 01:08:59,2026-04-14 01:08:59,20260414通话记录
   ,EGCC-eman.amr,student (62805158),5977,"00:22:46

(To. 00:22:46)",双方接通,00:00:00,2289(Maqsam),966****1883,2026-04-14 17:53:22,2026-04-14 17:53:22,20260414通话记录
   ,EGCC-maiwaheed,student (62788810),5978,"00:01:15

(To. 00:01:15)",双方接通,00:00:00,2313(Maqsam),966****9991,2026-04-14 20:38:25,2026-04-14 20:38:25,20260414通话记录
   ,51nadamuhammad,student (62904611),5978,"00:02:04

(To. 00:02:04)",双方接通,00:00:00,2245(Maqsam),966****8983,2026-04-14 00:36:47,2026-04-14 00:36:47,20260414通话记录
  ,EGCC-maiwaheed,student (62913461),5978,00:00:00,客户未接听,00:00:00,2313(Maqsam),966****3693,2026-04-14 20:13:45,,20260414通话记录
  ,EGCC-maiwaheed,student (62921100),5978,00:00:00,客户未接听,00:00:00,2313(Maqsam),966****8991,2026-04-14 01:18:58,,20260414通话记录
   ,EGCC-tasneemmahmoud,student (62919984),5978,"00:10:24

(To. 00:10:24)",双方接通,00:00:00,2311(Maqsam),966****4579,2026-04-14 00:03:17,2026-04-14 00:03:17,20260414通话记录
   ,51nadamuhammad,shareefah (62922404),5978,"00:06:39

(To. 00:06:39)",双方接通,00:00:00,2245(Maqsam),966****8715,2026-04-14 01:51:44,2026-04-14 01:51:44,20260414通话记录
   ,EGCC-fatmamohamed,student (62919409),5978,"00:01:18

(To. 00:01:18)",双方接通,00:00:00,2310(Maqsam),966****1391,2026-04-14 00:05:07,2026-04-14 00:05:07,20260414通话记录
   ,EGCC-eman.amr,student (0),5977,"00:01:28

(To. 00:01:28)",双方接通,00:00:00,2289(Maqsam),966****4763,2026-04-14 18:19:41,2026-04-14 18:19:41,20260414通话记录
  ,51habiba.hassan,student (62914746),5977,00:00:00,呼叫失败,00:00:00,2244(Maqsam),966****6691,2026-04-14 22:26:46,,20260414通话记录
   ,EGCC-maiwaheed,student (62927242),5978,"00:01:10

(To. 00:01:10)",双方接通,00:00:00,2313(Maqsam),966****5240,2026-04-14 18:54:54,2026-04-14 18:54:54,20260414通话记录
   ,EGCC-fatmamohamed,student (62847403),5978,"00:21:04

(To. 00:21:04)",双方接通,00:00:00,2310(Maqsam),966****5867,2026-04-14 21:59:50,2026-04-14 21:59:50,20260414通话记录
   ,51nadamuhammad,student (62867224),5978,"00:07:49

(To. 00:07:49)",双方接通,00:00:00,2245(Maqsam),966****0953,2026-04-14 01:08:34,2026-04-14 01:08:34,20260414通话记录
   ,EGCC-fatmamohamed,student (62930997),5978,"00:06:34

(To. 00:06:34)",双方接通,00:00:00,2310(Maqsam),966****1372,2026-04-14 18:25:17,2026-04-14 18:25:17,20260414通话记录
  ,51habiba.hassan,student (62928622),5977,00:00:00,客户未接听,00:00:00,2244(Maqsam),966****1036,2026-04-14 19:58:20,,20260414通话记录
  ,51nadamuhammad,student (62820228),5978,00:00:00,客户未接听,00:00:00,2245(Maqsam),966****5939,2026-04-14 00:46:13,,20260414通话记录
  ,51habiba.hassan,student (62919685),5977,00:00:00,用户忙,00:00:00,2244(Maqsam),966****9028,2026-04-14 20:04:43,,20260414通话记录
   ,EGCC-eman.amr,student (62904276),5977,"00:00:52

(To. 00:00:52)",双方接通,00:00:00,2289(Maqsam),966****8117,2026-04-14 22:19:48,2026-04-14 22:19:48,20260414通话记录
  ,EGCC-maiwaheed,Lamis (62912034),5978,00:00:00,用户忙,00:00:00,2313(Maqsam),966****1940,2026-04-14 00:09:19,,20260414通话记录
  ,EGCC-maiwaheed,student (62332272),5978,00:00:00,in_progress,00:00:00,2313(Maqsam),966****2946,2026-04-14 22:20:17,,20260414通话记录
  ,EGCC-eman.amr,student (62863545),5977,00:00:00,用户忙,00:00:00,2289(Maqsam),966****8910,2026-04-14 17:52:09,,20260414通话记录
   ,51nadamuhammad,student (62892338),5978,"00:00:49

(To. 00:00:49)",双方接通,00:00:00,2245(Maqsam),966****2009,2026-04-14 00:55:09,2026-04-14 00:55:09,20260414通话记录
  ,51habiba.hassan,student (62907190),5977,00:00:00,客户未接听,00:00:00,2244(Maqsam),966****7004,2026-04-14 21:32:49,,20260414通话记录
   ,EGCC-maiwaheed,student (62916140),5978,"00:00:24

(To. 00:00:24)",双方接通,00:00:00,2313(Maqsam),966****0339,2026-04-14 00:18:35,2026-04-14 00:18:35,20260414通话记录
   ,EGCC-maiwaheed,shareefah (62922404),5978,"00:00:20

(To. 00:00:20)",双方接通,00:00:00,2313(Maqsam),966****8715,2026-04-14 00:21:06,2026-04-14 00:21:06,20260414通话记录
   ,51habiba.hassan,student (62920493),5977,"00:03:36

(To. 00:03:36)",双方接通,00:00:00,2244(Maqsam),966****2528,2026-04-14 21:44:17,2026-04-14 21:44:17,20260414通话记录
   ,EGCC-fatmamohamed,student (62904490),5978,"00:08:29

(To. 00:08:29)",双方接通,00:00:00,2310(Maqsam),966****6843,2026-04-14 20:44:19,2026-04-14 20:44:19,20260414通话记录
   ,51habiba.hassan,student (62920493),5977,"00:01:29

(To. 00:01:29)",双方接通,00:00:00,2244(Maqsam),966****2528,2026-04-14 21:42:15,2026-04-14 21:42:15,20260414通话记录
  ,51habiba.hassan,student (62931901),5977,00:00:00,客户未接听,00:00:00,2244(Maqsam),966****3125,2026-04-14 20:27:49,,20260414通话记录
   ,EGCC-maiwaheed,Abdulrahman (60626989),5978,"00:01:31

(To. 00:01:31)",Both parties connected,00:00:00,2313(Maqsam),966****1131,2026-04-15 18:05:22,2026-04-15 18:05:22,20260415通话记录
   ,EGCC-fatmamohamed,student (62935577),5978,"00:11:55

(To. 00:11:55)",Both parties connected,00:00:00,2310(Maqsam),966****2306,2026-04-15 21:00:21,2026-04-15 21:00:21,20260415通话记录
  ,EGCC-maiwaheed,student (62825978),5978,00:00:00,in_progress,00:00:00,2313(Maqsam),966****3684,2026-04-15 01:32:34,,20260415通话记录
  ,EGCC-maiwaheed,student (62935807),5978,00:00:00,User busy,00:00:00,2313(Maqsam),966****2970,2026-04-15 17:40:43,,20260415通话记录
  ,EGCC-maiwaheed,student (62936483),5978,00:00:00,Both parties connected,00:00:00,2313(Maqsam),966****6161,2026-04-15 18:13:34,,20260415通话记录
   ,EGCC-fatmamohamed,student (62933325),5978,"00:10:51

(To. 00:10:51)",Both parties connected,00:00:00,2310(Maqsam),966****4947,2026-04-15 00:19:29,2026-04-15 00:19:29,20260415通话记录
  ,EGCC-maiwaheed,sarah (59077690),5978,00:00:00,in_progress,00:00:00,2313(Maqsam),966****4122,2026-04-15 21:02:20,,20260415通话记录
   ,EGCC-eman.amr,student (62932738),5977,"00:01:35

(To. 00:01:35)",Both parties connected,00:00:00,2289(Maqsam),966****3225,2026-04-15 20:51:26,2026-04-15 20:51:26,20260415通话记录
  ,EGCC-tasneemmahmoud,student (62910807),5978,00:00:00,User busy,00:00:00,2311(Maqsam),966****6006,2026-04-15 17:58:05,,20260415通话记录
   ,EGCC-maiwaheed,student (62373935),5978,"00:05:43

(To. 00:05:43)",Both parties connected,00:00:00,2313(Maqsam),966****8212,2026-04-15 21:34:02,2026-04-15 21:34:02,20260415通话记录
   ,EGCC-eman.amr,Rafif (62933947),5977,"00:17:49

(To. 00:17:49)",Both parties connected,00:00:00,2289(Maqsam),966****0135,2026-04-15 19:00:13,2026-04-15 19:00:13,20260415通话记录
  ,EGCC-eman.amr,Rafif (62933947),5977,00:00:00,Customer did not answer,00:00:00,2289(Maqsam),966****0135,2026-04-15 19:38:03,,20260415通话记录
   ,EGCC-eman.amr,student (62805158),5977,"00:01:38

(To. 00:01:38)",Both parties connected,00:00:00,2289(Maqsam),966****1883,2026-04-15 00:33:39,2026-04-15 00:33:39,20260415通话记录
   ,EGCC-eman.amr,student (62938384),5977,"00:01:08

(To. 00:01:08)",Both parties connected,00:00:00,2289(Maqsam),966****3945,2026-04-15 22:56:22,2026-04-15 22:56:22,20260415通话记录
   ,EGCC-fatmamohamed,student (62935296),5978,"00:00:04

(To. 00:00:04)",Both parties connected,00:00:00,2310(Maqsam),966****9523,2026-04-15 22:41:09,2026-04-15 22:41:09,20260415通话记录
  ,EGCC-eman.amr,student (62939468),5977,00:00:00,Customer did not answer,00:00:00,2289(Maqsam),966****2875,2026-04-15 22:42:12,,20260415通话记录
  ,EGCC-fatmamohamed,student (62924674),5978,00:00:00,User busy,00:00:00,2310(Maqsam),966****6737,2026-04-15 19:20:18,,20260415通话记录
  ,EGCC-maiwaheed,student (62818621),5978,00:00:00,User busy,00:00:00,2313(Maqsam),966****2274,2026-04-15 20:23:25,,20260415通话记录
   ,EGCC-tasneemmahmoud,student (62910807),5978,"00:04:23

(To. 00:04:23)",Both parties connected,00:00:00,2311(Maqsam),966****6006,2026-04-15 18:01:46,2026-04-15 18:01:46,20260415通话记录
   ,EGCC-eman.amr,student (62932738),5977,"00:00:31

(To. 00:00:31)",Both parties connected,00:00:00,2289(Maqsam),966****3225,2026-04-15 20:05:33,2026-04-15 20:05:33,20260415通话记录
  ,51habiba.hassan,student (62901388),5977,00:00:00,Customer did not answer,00:00:00,2244(Maqsam),966****9520,2026-04-15 01:26:26,,20260415通话记录
  ,EGCC-tasneemmahmoud,student (62919984),5978,00:00:00,Customer did not answer,00:00:00,2311(Maqsam),966****4579,2026-04-15 17:52:36,,20260415通话记录
  ,51habiba.hassan,student (62931257),5977,00:00:00,Customer did not answer,00:00:00,2244(Maqsam),966****8289,2026-04-15 22:40:28,,20260415通话记录
   ,EGCC-maiwaheed,student (62938450),5978,"00:01:49

(To. 00:01:49)",Both parties connected,00:00:00,2313(Maqsam),966****0806,2026-04-15 22:40:05,2026-04-15 22:40:05,20260415通话记录
  ,51habiba.hassan,student (62905003),5977,00:00:00,Customer did not answer,00:00:00,2244(Maqsam),966****4642,2026-04-15 01:08:02,,20260415通话记录
   ,EGCC-fatmamohamed,student (62933380),5978,"00:01:15

(To. 00:01:15)",Both parties connected,00:00:00,2310(Maqsam),966****2943,2026-04-15 00:17:05,2026-04-15 00:17:05,20260415通话记录
   ,EGCC-fatmamohamed,student (62934990),5978,"00:00:31

(To. 00:00:31)",Both parties connected,00:00:00,2310(Maqsam),966****3983,2026-04-15 18:12:54,2026-04-15 18:12:54,20260415通话记录
   ,51nadamuhammad,student (62932496),5978,"00:01:22

(To. 00:01:22)",Both parties connected,00:00:00,2245(Maqsam),966****0615,2026-04-15 20:46:14,2026-04-15 20:46:14,20260415通话记录
  ,EGCC-maiwaheed,student (62938790),5978,00:00:00,User busy,00:00:00,2313(Maqsam),966****3663,2026-04-15 19:23:38,,20260415通话记录
   ,51habiba.hassan,student (62919685),5977,"00:02:38

(To. 00:02:38)",Both parties connected,00:00:00,2244(Maqsam),966****9028,2026-04-15 22:53:12,2026-04-15 22:53:12,20260415通话记录
  ,EGCC-fatmamohamed,student (62937224),5978,00:00:00,in_progress,00:00:00,2310(Maqsam),966****9141,2026-04-15 20:15:09,,20260415通话记录
   ,EGCC-fatmamohamed,student (62935976),5978,"00:00:07

(To. 00:00:07)",Both parties connected,00:00:00,2310(Maqsam),966****8543,2026-04-15 22:05:19,2026-04-15 22:05:19,20260415通话记录
   ,EGCC-fatmamohamed,student (62927767),5978,"00:06:01

(To. 00:06:01)",Both parties connected,00:00:00,2310(Maqsam),966****6838,2026-04-15 19:00:35,2026-04-15 19:00:35,20260415通话记录
   ,51habiba.hassan,student (62932738),5977,"00:00:19

(To. 00:00:19)",Both parties connected,00:00:00,2244(Maqsam),966****3225,2026-04-15 20:29:55,2026-04-15 20:29:55,20260415通话记录
   ,51habiba.hassan,student (62928622),5977,"00:08:05

(To. 00:08:05)",Both parties connected,00:00:00,2244(Maqsam),966****1036,2026-04-15 18:20:47,2026-04-15 18:20:47,20260415通话记录
  ,EGCC-fatmamohamed,student (62935296),5978,00:00:00,Customer did not answer,00:00:00,2310(Maqsam),966****9523,2026-04-15 22:42:27,,20260415通话记录
  ,EGCC-eman.amr,student (62914757),5977,00:00:00,Customer did not answer,00:00:00,2289(Maqsam),966****1403,2026-04-15 01:23:31,,20260415通话记录
  ,EGCC-fatmamohamed,Najyeh (62793306),5978,00:00:00,Customer did not answer,00:00:00,2310(Maqsam),966****6842,2026-04-15 23:31:03,,20260415通话记录
  ,EGCC-eman.amr,student (62927761),5977,00:00:00,User busy,00:00:00,2289(Maqsam),966****5285,2026-04-15 19:48:36,,20260415通话记录
   ,51nadamuhammad,student (62919212),5978,"00:07:01

(To. 00:07:01)",Both parties connected,00:00:00,2245(Maqsam),966****3058,2026-04-15 23:32:47,2026-04-15 23:32:47,20260415通话记录
   ,EGCC-fatmamohamed,ALI (62774081),5978,"00:00:28

(To. 00:00:28)",Both parties connected,00:00:00,2310(Maqsam),966****7570,2026-04-15 22:44:41,2026-04-15 22:44:41,20260415通话记录
   ,51habiba.hassan,fahed (58776258),5977,"00:07:03

(To. 00:07:03)",Both parties connected,00:00:00,2244(Maqsam),966****3418,2026-04-15 21:59:29,2026-04-15 21:59:29,20260415通话记录
   ,51habiba.hassan,Jassem (62921539),5977,"00:01:05

(To. 00:01:05)",Both parties connected,00:00:00,2244(Maqsam),966****0534,2026-04-15 02:26:06,2026-04-15 02:26:06,20260415通话记录
   ,EGCC-fatmamohamed,student (62940363),5978,"00:00:12

(To. 00:00:12)",Both parties connected,00:00:00,2310(Maqsam),966****2154,2026-04-15 22:39:55,2026-04-15 22:39:55,20260415通话记录
  ,51nadamuhammad,Haifaa (62636524),5978,00:00:00,Customer did not answer,00:00:00,2245(Maqsam),966****6930,2026-04-15 20:45:22,,20260415通话记录
  ,EGCC-eman.amr,student (62858053),5977,00:00:00,User busy,00:00:00,2289(Maqsam),966****0501,2026-04-15 20:54:17,,20260415通话记录
  ,51habiba.hassan,student (62935320),5977,00:00:00,Customer did not answer,00:00:00,2244(Maqsam),966****9011,2026-04-15 21:58:13,,20260415通话记录
  ,51nadamuhammad,Amal (62664674),5978,00:00:00,Customer did not answer,00:00:00,2245(Maqsam),966****5209,2026-04-15 20:23:21,,20260415通话记录
   ,EGCC-eman.amr,student (62914757),5977,"00:00:12

(To. 00:00:12)",Both parties connected,00:00:00,2289(Maqsam),966****1403,2026-04-15 21:13:57,2026-04-15 21:13:57,20260415通话记录
   ,EGCC-eman.amr,student (62805158),5977,"00:00:20

(To. 00:00:20)",Both parties connected,00:00:00,2289(Maqsam),966****1883,2026-04-15 20:55:14,2026-04-15 20:55:14,20260415通话记录
   ,EGCC-maiwaheed,student (0),5978,"00:03:35

(To. 00:03:35)",Both parties connected,00:00:00,2313(Maqsam),966****6282,2026-04-15 22:10:28,2026-04-15 22:10:28,20260415通话记录
  ,EGCC-maiwaheed,student (62933533),5978,00:00:00,Customer did not answer,00:00:00,2313(Maqsam),966****0479,2026-04-15 20:46:54,,20260415通话记录
  ,EGCC-eman.amr,student (62933928),5977,00:00:00,in_progress,00:00:00,2289(Maqsam),966****1152,2026-04-15 17:50:05,,20260415通话记录
   ,EGCC-eman.amr,student (62935607),5977,"00:19:13

(To. 00:19:13)",Both parties connected,00:00:00,2289(Maqsam),966****2536,2026-04-15 21:51:11,2026-04-15 21:51:11,20260415通话记录
   ,51habiba.hassan,student (62935320),5977,"00:00:16

(To. 00:00:16)",Both parties connected,00:00:00,2244(Maqsam),966****9011,2026-04-15 21:26:33,2026-04-15 21:26:33,20260415通话记录
  ,EGCC-fatmamohamed,student (62938718),5978,00:00:00,Customer did not answer,00:00:00,2310(Maqsam),966****4229,2026-04-15 23:29:08,,20260415通话记录
  ,51nadamuhammad,Rouf (62815659),5978,00:00:00,Customer did not answer,00:00:00,2245(Maqsam),966****5034,2026-04-15 19:00:26,,20260415通话记录
  ,EGCC-eman.amr,student (62938452),5977,00:00:00,User busy,00:00:00,2289(Maqsam),966****1796,2026-04-15 21:05:24,,20260415通话记录
   ,EGCC-maiwaheed,student (62912813),5978,"00:00:19

(To. 00:00:19)",Both parties connected,00:00:00,2313(Maqsam),966****0364,2026-04-15 01:15:39,2026-04-15 01:15:39,20260415通话记录
  ,EGCC-fatmamohamed,bsher (62791357),5978,00:00:00,User busy,00:00:00,2310(Maqsam),966****9176,2026-04-15 22:49:31,,20260415通话记录
   ,EGCC-maiwaheed,student (62919304),5978,"00:00:19

(To. 00:00:19)",Both parties connected,00:00:00,2313(Maqsam),966****9976,2026-04-15 18:58:42,2026-04-15 18:58:42,20260415通话记录
  ,EGCC-maiwaheed,student (62935738),5978,00:00:00,in_progress,00:00:00,2313(Maqsam),966****3919,2026-04-15 18:42:05,,20260415通话记录
  ,51nadamuhammad,student (62936517),5978,00:00:00,Customer did not answer,00:00:00,2245(Maqsam),966****1899,2026-04-15 21:33:53,,20260415通话记录
   ,EGCC-eman.amr,student (62919937),5977,"00:00:12

(To. 00:00:12)",Both parties connected,00:00:00,2289(Maqsam),966****2718,2026-04-15 00:51:26,2026-04-15 00:51:26,20260415通话记录
   ,EGCC-maiwaheed,student (0),5978,"00:03:35

(To. 00:03:35)",Both parties connected,00:00:00,2313(Maqsam),966****7816,2026-04-15 23:57:30,2026-04-15 23:57:30,20260415通话记录
  ,EGCC-maiwaheed,student (62841977),5978,00:00:00,User busy,00:00:00,2313(Maqsam),966****7430,2026-04-15 01:46:07,,20260415通话记录
   ,EGCC-maiwaheed,student (62936538),5978,"00:00:05

(To. 00:00:05)",Both parties connected,00:00:00,2313(Maqsam),966****7990,2026-04-15 18:24:09,2026-04-15 18:24:09,20260415通话记录
   ,51habiba.hassan,student (62897064),5977,"00:02:54

(To. 00:02:54)",Both parties connected,00:00:00,2244(Maqsam),966****7934,2026-04-15 01:18:59,2026-04-15 01:18:59,20260415通话记录
   ,EGCC-maiwaheed,student (62935926),5978,"00:01:47

(To. 00:01:47)",Both parties connected,00:00:00,2313(Maqsam),966****0210,2026-04-15 21:11:10,2026-04-15 21:11:10,20260415通话记录
   ,51habiba.hassan,student (62890722),5977,"00:05:07

(To. 00:05:07)",Both parties connected,00:00:00,2244(Maqsam),966****8298,2026-04-15 19:38:10,2026-04-15 19:38:10,20260415通话记录
   ,EGCC-maiwaheed,Layan (62800943),5978,"00:00:19

(To. 00:00:19)",Both parties connected,00:00:00,2313(Maqsam),966****0687,2026-04-15 21:03:42,2026-04-15 21:03:42,20260415通话记录
   ,EGCC-maiwaheed,student (0),5978,"00:01:31

(To. 00:01:31)",Both parties connected,00:00:00,2313(Maqsam),966****2565,2026-04-15 01:42:20,2026-04-15 01:42:20,20260415通话记录
   ,EGCC-fatmamohamed,student (62938796),5978,"00:01:04

(To. 00:01:04)",Both parties connected,00:00:00,2310(Maqsam),966****9854,2026-04-15 22:14:11,2026-04-15 22:14:11,20260415通话记录
   ,EGCC-eman.amr,student (62866292),5977,"00:12:18

(To. 00:12:18)",Both parties connected,00:00:00,2289(Maqsam),966****7947,2026-04-15 02:03:49,2026-04-15 02:03:49,20260415通话记录
  ,EGCC-eman.amr,student (62923608),5977,00:00:00,in_progress,00:00:00,2289(Maqsam),966****2174,2026-04-15 19:54:01,,20260415通话记录
  ,51nadamuhammad,student (62938463),5978,00:00:00,User busy,00:00:00,2245(Maqsam),966****4290,2026-04-15 23:15:47,,20260415通话记录
   ,EGCC-maiwaheed,student (0),5978,"00:00:03

(To. 00:00:03)",Both parties connected,00:00:00,2313(Maqsam),966****6114,2026-04-15 02:27:46,2026-04-15 02:27:46,20260415通话记录
  ,EGCC-fatmamohamed,student (62945475),5978,00:00:00,Customer did not answer,00:00:00,2310(Maqsam),966****6119,2026-04-16 18:28:07,,20260416通话记录
   ,51habiba.hassan,student (62935481),5977,"00:04:46

(To. 00:04:46)",Both parties connected,00:00:00,2244(Maqsam),966****9973,2026-04-16 18:24:59,2026-04-16 18:24:59,20260416通话记录
  ,EGCC-maiwaheed,student (62938739),5978,00:00:00,Customer did not answer,00:00:00,2313(Maqsam),966****0903,2026-04-16 01:15:46,,20260416通话记录
  ,EGCC-maiwaheed,student (62941914),5978,00:00:00,Customer did not answer,00:00:00,2313(Maqsam),966****0588,2026-04-16 20:45:24,,20260416通话记录
  ,EGCC-maiwaheed,Shaden (62933251),5978,00:00:00,Customer did not answer,00:00:00,2313(Maqsam),966****4998,2026-04-16 23:48:28,,20260416通话记录
   ,EGCC-maiwaheed,student (62942719),5978,"00:00:49

(To. 00:00:49)",Both parties connected,00:00:00,2313(Maqsam),966****1867,2026-04-16 19:01:42,2026-04-16 19:01:42,20260416通话记录
   ,51habiba.hassan,student (62938137),5977,"00:01:17

(To. 00:01:17)",Both parties connected,00:00:00,2244(Maqsam),966****8865,2026-04-16 20:35:10,2026-04-16 20:35:10,20260416通话记录
   ,EGCC-maiwaheed,student (62161721),5978,"00:00:31

(To. 00:00:31)",Both parties connected,00:00:00,2313(Maqsam),966****4723,2026-04-16 20:26:39,2026-04-16 20:26:39,20260416通话记录
  ,EGCC-maiwaheed,student (62846453),5978,00:00:00,User busy,00:00:00,2313(Maqsam),966****2221,2026-04-16 19:23:32,,20260416通话记录
   ,EGCC-maiwaheed,student (62936483),5978,"00:00:54

(To. 00:00:54)",Both parties connected,00:00:00,2313(Maqsam),966****6161,2026-04-16 01:46:06,2026-04-16 01:46:06,20260416通话记录
   ,51habiba.hassan,Hadi (62928359),5977,"00:05:11

(To. 00:05:11)",Both parties connected,00:00:00,2244(Maqsam),966****5586,2026-04-16 02:16:50,2026-04-16 02:16:50,20260416通话记录
   ,EGCC-maiwaheed,student (62846992),5978,"00:00:10

(To. 00:00:10)",Both parties connected,00:00:00,2313(Maqsam),966****9617,2026-04-16 19:30:46,2026-04-16 19:30:46,20260416通话记录
  ,51nadamuhammad,student (58783399),5978,00:00:00,Customer did not answer,00:00:00,2245(Maqsam),966****8047,2026-04-16 21:34:42,,20260416通话记录
   ,EGCC-eman.amr,Mohamed (62939468),5977,"00:28:06

(To. 00:28:06)",Both parties connected,00:00:00,2289(Maqsam),966****2875,2026-04-16 18:25:25,2026-04-16 18:25:25,20260416通话记录
   ,51habiba.hassan,student (62942216),5977,"00:10:23

(To. 00:10:23)",Both parties connected,00:00:00,2244(Maqsam),966****4890,2026-04-16 22:08:07,2026-04-16 22:08:07,20260416通话记录
  ,EGCC-fatmamohamed,student (62939637),5978,00:00:00,Customer did not answer,00:00:00,2310(Maqsam),966****5175,2026-04-16 19:01:04,,20260416通话记录
   ,EGCC-fatmamohamed,student (62919409),5978,"00:07:38

(To. 00:07:38)",Both parties connected,00:00:00,2310(Maqsam),966****1391,2026-04-16 20:51:42,2026-04-16 20:51:42,20260416通话记录
   ,51habiba.hassan,student (62858053),5977,"00:05:54

(To. 00:05:54)",Both parties connected,00:00:00,2244(Maqsam),966****0501,2026-04-16 19:37:14,2026-04-16 19:37:14,20260416通话记录
   ,EGCC-eman.amr,student (62935607),5977,"00:00:21

(To. 00:00:21)",Both parties connected,00:00:00,2289(Maqsam),966****2536,2026-04-16 19:57:26,2026-04-16 19:57:26,20260416通话记录
  ,EGCC-fatmamohamed,aseel (62772521),5978,00:00:00,User busy,00:00:00,2310(Maqsam),966****8935,2026-04-16 00:17:10,,20260416通话记录
   ,51habiba.hassan,student (62942044),5977,"00:03:10

(To. 00:03:10)",Both parties connected,00:00:00,2244(Maqsam),966****1791,2026-04-16 23:04:33,2026-04-16 23:04:33,20260416通话记录
  ,EGCC-eman.amr,student (62847485),5977,00:00:00,Customer did not answer,00:00:00,2289(Maqsam),966****5787,2026-04-16 01:54:23,,20260416通话记录
   ,EGCC-eman.amr,student (62935607),5977,"00:00:26

(To. 00:00:26)",Both parties connected,00:00:00,2289(Maqsam),966****2536,2026-04-16 19:58:25,2026-04-16 19:58:25,20260416通话记录
   ,EGCC-eman.amr,student (62935607),5977,"00:03:23

(To. 00:03:23)",Both parties connected,00:00:00,2289(Maqsam),966****2536,2026-04-16 18:06:41,2026-04-16 18:06:41,20260416通话记录
   ,51habiba.hassan,student (62898292),5977,"00:00:06

(To. 00:00:06)",Both parties connected,00:00:00,2244(Maqsam),966****7803,2026-04-16 18:01:00,2026-04-16 18:01:00,20260416通话记录
  ,EGCC-maiwaheed,student (62180058),5978,00:00:00,prepped,00:00:00,2313(Maqsam),966****1356,2026-04-16 20:20:09,,20260416通话记录
  ,51nadamuhammad,student (62945167),5978,00:00:00,Customer did not answer,00:00:00,2245(Maqsam),966****4461,2026-04-16 19:44:50,,20260416通话记录
   ,EGCC-fatmamohamed,student (62939637),5978,"00:09:02

(To. 00:09:02)",Both parties connected,00:00:00,2310(Maqsam),966****5175,2026-04-16 02:20:38,2026-04-16 02:20:38,20260416通话记录
  ,EGCC-eman.amr,student (62942424),5977,00:00:00,in_progress,00:00:00,2289(Maqsam),966****3677,2026-04-16 23:11:44,,20260416通话记录
  ,51habiba.hassan,student (62889113),5977,00:00:00,User busy,00:00:00,2244(Maqsam),966****9818,2026-04-16 01:32:21,,20260416通话记录
  ,51nadamuhammad,student (62935070),5978,00:00:00,in_progress,00:00:00,2245(Maqsam),966****5923,2026-04-16 02:19:39,,20260416通话记录
   ,EGCC-eman.amr,student (62935607),5977,"00:01:06

(To. 00:01:06)",Both parties connected,00:00:00,2289(Maqsam),966****2536,2026-04-16 20:25:18,2026-04-16 20:25:18,20260416通话记录
  ,51habiba.hassan,student (62938137),5977,00:00:00,Customer did not answer,00:00:00,2244(Maqsam),966****8865,2026-04-16 20:37:13,,20260416通话记录
  ,51nadamuhammad,maram (62874302),5978,00:00:00,Customer did not answer,00:00:00,2245(Maqsam),966****3156,2026-04-16 23:21:50,,20260416通话记录
   ,51nadamuhammad,student (62940636),5978,"00:02:32

(To. 00:02:32)",Both parties connected,00:00:00,2245(Maqsam),966****6533,2026-04-16 00:38:55,2026-04-16 00:38:55,20260416通话记录
   ,EGCC-fatmamohamed,bsher (62791357),5978,"00:01:01

(To. 00:01:01)",Both parties connected,00:00:00,2310(Maqsam),966****9176,2026-04-16 18:46:42,2026-04-16 18:46:42,20260416通话记录
   ,51nadamuhammad,student (62944935),5978,"00:00:04

(To. 00:00:04)",Both parties connected,00:00:00,2245(Maqsam),966****1765,2026-04-16 20:10:41,2026-04-16 20:10:41,20260416通话记录
   ,51habiba.hassan,student (62935481),5977,"00:00:08

(To. 00:00:08)",Both parties connected,00:00:00,2244(Maqsam),966****9973,2026-04-16 22:23:18,2026-04-16 22:23:18,20260416通话记录
  ,EGCC-maiwaheed,student (62939103),5978,00:00:00,in_progress,00:00:00,2313(Maqsam),966****6724,2026-04-16 21:18:01,,20260416通话记录
  ,EGCC-fatmamohamed,student (62935577),5978,00:00:00,User busy,00:00:00,2310(Maqsam),966****2306,2026-04-16 19:22:54,,20260416通话记录
  ,EGCC-maiwaheed,student (62919212),5978,00:00:00,in_progress,00:00:00,2313(Maqsam),966****3058,2026-04-16 18:50:04,,20260416通话记录
   ,51nadamuhammad,student (62941412),5978,"00:00:46

(To. 00:00:46)",Both parties connected,00:00:00,2245(Maqsam),966****3495,2026-04-16 19:48:42,2026-04-16 19:48:42,20260416通话记录
  ,51nadamuhammad,student (62887552),5978,00:00:00,Customer did not answer,00:00:00,2245(Maqsam),966****9823,2026-04-16 18:20:11,,20260416通话记录
   ,EGCC-maiwaheed,Saja (62070508),5978,"00:00:41

(To. 00:00:41)",Both parties connected,00:00:00,2313(Maqsam),966****0463,2026-04-16 20:28:22,2026-04-16 20:28:22,20260416通话记录
  ,51nadamuhammad,student (62942548),5978,00:00:00,Customer did not answer,00:00:00,2245(Maqsam),966****0892,2026-04-16 19:28:39,,20260416通话记录
   ,EGCC-eman.amr,student (62935607),5977,"00:00:31

(To. 00:00:31)",Both parties connected,00:00:00,2289(Maqsam),966****2536,2026-04-16 19:59:14,2026-04-16 19:59:14,20260416通话记录
   ,51nadamuhammad,student (62932496),5978,"00:00:46

(To. 00:00:46)",Both parties connected,00:00:00,2245(Maqsam),966****0615,2026-04-16 00:53:13,2026-04-16 00:53:13,20260416通话记录
  ,EGCC-fatmamohamed,student (62946072),5978,00:00:00,Customer did not answer,00:00:00,2310(Maqsam),966****2144,2026-04-16 20:48:29,,20260416通话记录
  ,51habiba.hassan,student (62935121),5977,00:00:00,in_progress,00:00:00,2244(Maqsam),966****1259,2026-04-16 19:56:30,,20260416通话记录
  ,51habiba.hassan,student (62935481),5977,00:00:00,in_progress,00:00:00,2244(Maqsam),966****9973,2026-04-16 22:23:46,,20260416通话记录
  ,51nadamuhammad,student (62932570),5978,00:00:00,in_progress,00:00:00,2245(Maqsam),966****2589,2026-04-16 21:18:17,,20260416通话记录
  ,51nadamuhammad,student (62839696),5978,00:00:00,Customer did not answer,00:00:00,2245(Maqsam),966****4806,2026-04-16 00:01:07,,20260416通话记录
   ,51habiba.hassan,student (62889113),5977,"00:00:17

(To. 00:00:17)",Both parties connected,00:00:00,2244(Maqsam),966****9818,2026-04-16 01:31:32,2026-04-16 01:31:32,20260416通话记录
   ,51nadamuhammad,student (62940636),5978,"00:01:51

(To. 00:01:51)",Both parties connected,00:00:00,2245(Maqsam),966****6533,2026-04-16 21:23:29,2026-04-16 21:23:29,20260416通话记录
   ,EGCC-maiwaheed,student (62916140),5978,"00:00:05

(To. 00:00:05)",Both parties connected,00:00:00,2313(Maqsam),966****0339,2026-04-16 19:39:12,2026-04-16 19:39:12,20260416通话记录
   ,51habiba.hassan,student (62910320),5977,"00:06:00

(To. 00:06:00)",Both parties connected,00:00:00,2244(Maqsam),966****5355,2026-04-16 01:43:21,2026-04-16 01:43:21,20260416通话记录
   ,51nadamuhammad,student (62935821),5978,"00:08:28

(To. 00:08:28)",Both parties connected,00:00:00,2245(Maqsam),966****7962,2026-04-16 20:53:47,2026-04-16 20:53:47,20260416通话记录
  ,51nadamuhammad,student (62942185),5978,00:00:00,prepped,00:00:00,2245(Maqsam),966****0128,2026-04-16 19:40:08,,20260416通话记录
  ,51habiba.hassan,Hadi (62928359),5977,00:00:00,in_progress,00:00:00,2244(Maqsam),966****5586,2026-04-16 21:23:33,,20260416通话记录
   ,51habiba.hassan,student (62939186),5977,"00:12:57

(To. 00:12:57)",Both parties connected,00:00:00,2244(Maqsam),966****2703,2026-04-16 18:34:28,2026-04-16 18:34:28,20260416通话记录
   ,EGCC-eman.amr,student (62935607),5977,"00:12:26

(To. 00:12:26)",Both parties connected,00:00:00,2289(Maqsam),966****2536,2026-04-16 20:57:50,2026-04-16 20:57:50,20260416通话记录
  ,EGCC-eman.amr,student (62938384),5977,00:00:00,Customer did not answer,00:00:00,2289(Maqsam),966****3945,2026-04-16 18:03:59,,20260416通话记录
   ,51nadamuhammad,Shaden (62933251),5978,"00:00:28

(To. 00:00:28)",Both parties connected,00:00:00,2245(Maqsam),966****4998,2026-04-16 23:22:58,2026-04-16 23:22:58,20260416通话记录
   ,51nadamuhammad,student (58783399),5978,"00:02:04

(To. 00:02:04)",Both parties connected,00:00:00,2245(Maqsam),966****8047,2026-04-16 23:11:43,2026-04-16 23:11:43,20260416通话记录
  ,EGCC-eman.amr,Joud (62931995),5977,00:00:00,Customer did not answer,00:00:00,2289(Maqsam),966****0837,2026-04-16 19:28:11,,20260416通话记录
  ,EGCC-maiwaheed,student (62942832),5978,00:00:00,User busy,00:00:00,2313(Maqsam),966****1265,2026-04-16 20:49:22,,20260416通话记录
   ,EGCC-eman.amr,Farah (62901889),5977,"00:06:55

(To. 00:06:55)",Both parties connected,00:00:00,2289(Maqsam),966****3592,2026-04-16 23:46:34,2026-04-16 23:46:34,20260416通话记录
  ,51habiba.hassan,student (62922590),5977,00:00:00,in_progress,00:00:00,2244(Maqsam),966****5175,2026-04-16 17:56:59,,20260416通话记录
  ,51nadamuhammad,student (62935821),5978,00:00:00,User busy,00:00:00,2245(Maqsam),966****7962,2026-04-16 00:43:08,,20260416通话记录
   ,51habiba.hassan,student (62942044),5977,"00:00:11

(To. 00:00:11)",Both parties connected,00:00:00,2244(Maqsam),966****1791,2026-04-16 23:27:26,2026-04-16 23:27:26,20260416通话记录
  ,EGCC-eman.amr,student (62939185),5977,00:00:00,User busy,00:00:00,2289(Maqsam),966****5098,2026-04-16 02:19:12,,20260416通话记录
  ,EGCC-fatmamohamed,sultan (58514551),5978,00:00:00,in_progress,00:00:00,2310(Maqsam),966****6168,2026-04-16 18:50:23,,20260416通话记录
   ,51habiba.hassan,student (62923608),5977,"00:02:25

(To. 00:02:25)",Both parties connected,00:00:00,2244(Maqsam),966****2174,2026-04-16 00:57:00,2026-04-16 00:57:00,20260416通话记录
   ,51habiba.hassan,student (62935481),5977,"00:00:38

(To. 00:00:38)",Both parties connected,00:00:00,2244(Maqsam),966****9973,2026-04-16 18:23:49,2026-04-16 18:23:49,20260416通话记录
   ,51habiba.hassan,student (62935477),5977,"00:07:10

(To. 00:07:10)",Both parties connected,00:00:00,2244(Maqsam),966****0970,2026-04-16 00:47:05,2026-04-16 00:47:05,20260416通话记录
   ,EGCC-maiwaheed,Shaden (62933251),5978,"00:03:07

(To. 00:03:07)",Both parties connected,00:00:00,2313(Maqsam),966****4998,2026-04-16 00:33:51,2026-04-16 00:33:51,20260416通话记录
  ,EGCC-maiwaheed,Abdulrahman (60626989),5978,00:00:00,Customer did not answer,00:00:00,2313(Maqsam),966****1131,2026-04-16 17:31:40,,20260416通话记录
  ,51nadamuhammad,student (62932496),5978,00:00:00,Customer did not answer,00:00:00,2245(Maqsam),966****0615,2026-04-16 22:40:30,,20260416通话记录
   ,51habiba.hassan,student (59140650),5977,"00:01:09

(To. 00:01:09)",双方接通,00:00:00,2244(Maqsam),966****9617,2026-04-17 00:14:08,2026-04-17 00:14:08,20260417通话记录
   ,51nadamuhammad,student (62935303),5978,"00:17:21

(To. 00:17:21)",双方接通,00:00:00,2245(Maqsam),966****8147,2026-04-17 01:36:24,2026-04-17 01:36:24,20260417通话记录
   ,EGCC-maiwaheed,Abdulrahman (60626989),5978,"00:03:55

(To. 00:03:55)",双方接通,00:00:00,2313(Maqsam),966****1131,2026-04-17 05:08:07,2026-04-17 05:08:07,20260417通话记录
  ,51habiba.hassan,student (62946418),5977,00:00:00,客户未接听,00:00:00,2244(Maqsam),966****5750,2026-04-17 01:01:26,,20260417通话记录
   ,EGCC-maiwaheed,student (62941914),5978,"00:03:29

(To. 00:03:29)",双方接通,00:00:00,2313(Maqsam),966****0588,2026-04-17 00:05:44,2026-04-17 00:05:44,20260417通话记录
   ,EGCC-fatmamohamed,student (62941413),5978,"00:01:46

(To. 00:01:46)",双方接通,00:00:00,2310(Maqsam),966****4305,2026-04-17 03:11:26,2026-04-17 03:11:26,20260417通话记录
  ,51habiba.hassan,student (62935841),5977,00:00:00,用户忙,00:00:00,2244(Maqsam),966****4438,2026-04-17 01:56:14,,20260417通话记录
  ,EGCC-fatmamohamed,student (62946700),5978,00:00:00,用户忙,00:00:00,2310(Maqsam),966****2403,2026-04-17 01:18:39,,20260417通话记录
   ,EGCC-eman.amr,student (62946734),5977,"00:23:42

(To. 00:23:42)",双方接通,00:00:00,2289(Maqsam),966****5927,2026-04-17 01:27:25,2026-04-17 01:27:25,20260417通话记录
   ,EGCC-maiwaheed,student (62948453),5978,"00:09:10

(To. 00:09:10)",双方接通,00:00:00,2313(Maqsam),966****2290,2026-04-17 02:35:58,2026-04-17 02:35:58,20260417通话记录
  ,51nadamuhammad,student (62935303),5978,00:00:00,in_progress,00:00:00,2245(Maqsam),966****8147,2026-04-17 02:36:00,,20260417通话记录
   ,51habiba.hassan,student (62933743),5977,"00:01:58

(To. 00:01:58)",双方接通,00:00:00,2244(Maqsam),966****1937,2026-04-17 00:09:38,2026-04-17 00:09:38,20260417通话记录
   ,EGCC-maiwaheed,Abdulrahman (60626989),5978,"00:02:14

(To. 00:02:14)",双方接通,00:00:00,2313(Maqsam),966****1131,2026-04-17 00:54:39,2026-04-17 00:54:39,20260417通话记录
   ,EGCC-maiwaheed,Abdulrahman (60626989),5978,"00:19:50

(To. 00:19:50)",双方接通,00:00:00,2313(Maqsam),966****1131,2026-04-17 03:07:59,2026-04-17 03:07:59,20260417通话记录
   ,EGCC-eman.amr,Razan (62765509),5977,"00:11:55

(To. 00:11:55)",双方接通,00:00:00,2289(Maqsam),966****5616,2026-04-17 00:49:26,2026-04-17 00:49:26,20260417通话记录
   ,EGCC-fatmamohamed,student (62935296),5978,"00:00:34

(To. 00:00:34)",双方接通,00:00:00,2310(Maqsam),966****9523,2026-04-17 00:22:07,2026-04-17 00:22:07,20260417通话记录
   ,EGCC-maiwaheed,student (62938790),5978,"00:00:32

(To. 00:00:32)",双方接通,00:00:00,2313(Maqsam),966****3663,2026-04-17 02:28:02,2026-04-17 02:28:02,20260417通话记录
   ,EGCC-maiwaheed,Abdulrahman (60626989),5978,"00:06:38

(To. 00:06:38)",双方接通,00:00:00,2313(Maqsam),966****1131,2026-04-17 03:29:33,2026-04-17 03:29:33,20260417通话记录
   ,51habiba.hassan,student (62933743),5977,"00:02:06

(To. 00:02:06)",双方接通,00:00:00,2244(Maqsam),966****1937,2026-04-17 00:56:08,2026-04-17 00:56:08,20260417通话记录
  ,EGCC-maiwaheed,student (62940404),5978,00:00:00,客户未接听,00:00:00,2313(Maqsam),966****3112,2026-04-17 00:15:26,,20260417通话记录
   ,EGCC-maiwaheed,Safla (62941603),5978,"00:03:40

(To. 00:03:40)",双方接通,00:00:00,2313(Maqsam),966****7504,2026-04-17 02:03:25,2026-04-17 02:03:25,20260417通话记录
   ,EGCC-fatmamohamed,student (62933325),5978,"00:02:20

(To. 00:02:20)",双方接通,00:00:00,2310(Maqsam),966****4947,2026-04-17 00:47:05,2026-04-17 00:47:05,20260417通话记录
  ,51habiba.hassan,student (62935607),5977,00:00:00,in_progress,00:00:00,2244(Maqsam),966****2536,2026-04-17 02:20:01,,20260417通话记录
   ,51nadamuhammad,student (0),5978,"00:00:33

(To. 00:00:33)",双方接通,00:00:00,2245(Maqsam),966****5858,2026-04-17 02:28:07,2026-04-17 02:28:07,20260417通话记录
  ,EGCC-maiwaheed,student (62947613),5978,00:00:00,客户未接听,00:00:00,2313(Maqsam),966****6708,2026-04-17 00:14:10,,20260417通话记录
   ,EGCC-maiwaheed,Abdulrahman (60626989),5978,"00:02:47

(To. 00:02:47)",双方接通,00:00:00,2313(Maqsam),966****1131,2026-04-17 04:37:17,2026-04-17 04:37:17,20260417通话记录
   ,EGCC-maiwaheed,Safla (62941603),5978,"00:00:39

(To. 00:00:39)",双方接通,00:00:00,2313(Maqsam),966****7504,2026-04-17 01:30:59,2026-04-17 01:30:59,20260417通话记录
   ,51nadamuhammad,student (62941413),5978,"00:14:46

(To. 00:14:46)",双方接通,00:00:00,2245(Maqsam),966****4305,2026-04-17 02:02:23,2026-04-17 02:02:23,20260417通话记录
   ,EGCC-maiwaheed,student (62938790),5978,"00:02:41

(To. 00:02:41)",双方接通,00:00:00,2313(Maqsam),966****3663,2026-04-17 02:33:00,2026-04-17 02:33:00,20260417通话记录
   ,EGCC-eman.amr,student (62946734),5977,"00:00:49

(To. 00:00:49)",双方接通,00:00:00,2289(Maqsam),966****5927,2026-04-17 01:07:33,2026-04-17 01:07:33,20260417通话记录
   ,EGCC-maiwaheed,student (62528617),5978,"00:05:25

(To. 00:05:25)",双方接通,00:00:00,2313(Maqsam),966****3521,2026-04-17 03:02:11,2026-04-17 03:02:11,20260417通话记录
   ,51nadamuhammad,student (62935303),5978,"00:00:24

(To. 00:00:24)",双方接通,00:00:00,2245(Maqsam),966****8147,2026-04-17 01:10:09,2026-04-17 01:10:09,20260417通话记录
   ,51habiba.hassan,student (62946418),5977,"00:05:33

(To. 00:05:33)",双方接通,00:00:00,2244(Maqsam),966****5750,2026-04-17 01:20:51,2026-04-17 01:20:51,20260417通话记录
   ,EGCC-maiwaheed,Safla (62941603),5978,"00:00:25

(To. 00:00:25)",双方接通,00:00:00,2313(Maqsam),966****7504,2026-04-17 01:15:25,2026-04-17 01:15:25,20260417通话记录
   ,51nadamuhammad,student (62935303),5978,"00:00:56

(To. 00:00:56)",双方接通,00:00:00,2245(Maqsam),966****8147,2026-04-17 00:45:54,2026-04-17 00:45:54,20260417通话记录
   ,EGCC-fatmamohamed,student (62942762),5978,"00:02:31

(To. 00:02:31)",双方接通,00:00:00,2310(Maqsam),966****7530,2026-04-17 00:51:26,2026-04-17 00:51:26,20260417通话记录
   ,EGCC-eman.amr,student (0),5977,"00:03:51

(To. 00:03:51)",双方接通,00:00:00,2289(Maqsam),966****3447,2026-04-17 00:40:25,2026-04-17 00:40:25,20260417通话记录
   ,EGCC-eman.amr,Sumaia Hashim (62781924),5977,"00:03:51

(To. 00:03:51)",双方接通,00:00:00,2289(Maqsam),966****1157,2026-04-17 00:04:43,2026-04-17 00:04:43,20260417通话记录
  ,51habiba.hassan,student (62942829),5977,00:00:00,客户未接听,00:00:00,2244(Maqsam),966****8365,2026-04-17 00:58:54,,20260417通话记录
   ,EGCC-eman.amr,student (62820018),5977,"00:00:36

(To. 00:00:36)",双方接通,00:00:00,2289(Maqsam),966****7814,2026-04-17 02:16:03,2026-04-17 02:16:03,20260417通话记录
   ,EGCC-fatmamohamed,student (62940363),5978,"00:02:40

(To. 00:02:40)",双方接通,00:00:00,2310(Maqsam),966****2154,2026-04-17 00:56:19,2026-04-17 00:56:19,20260417通话记录
   ,EGCC-fatmamohamed,student (62933325),5978,"00:13:05

(To. 00:13:05)",双方接通,00:00:00,2310(Maqsam),966****4947,2026-04-17 00:03:11,2026-04-17 00:03:11,20260417通话记录
   ,EGCC-fatmamohamed,student (62939637),5978,"00:11:56

(To. 00:11:56)",双方接通,00:00:00,2310(Maqsam),966****5175,2026-04-17 01:42:13,2026-04-17 01:42:13,20260417通话记录
   ,EGCC-fatmamohamed,student (62941413),5978,"00:07:21

(To. 00:07:21)",双方接通,00:00:00,2310(Maqsam),966****4305,2026-04-17 02:52:11,2026-04-17 02:52:11,20260417通话记录
   ,EGCC-maiwaheed,Abdulrahman (60626989),5978,"00:19:19

(To. 00:19:19)",双方接通,00:00:00,2313(Maqsam),966****1131,2026-04-17 04:45:18,2026-04-17 04:45:18,20260417通话记录
   ,51nadamuhammad,SAIF (58990176),5978,"00:00:27

(To. 00:00:27)",双方接通,00:00:00,2245(Maqsam),966****8013,2026-04-17 00:41:22,2026-04-17 00:41:22,20260417通话记录
   ,EGCC-maiwaheed,Abdulrahman (60626989),5978,"00:10:48

(To. 00:10:48)",双方接通,00:00:00,2313(Maqsam),966****1131,2026-04-17 02:51:08,2026-04-17 02:51:08,20260417通话记录
   ,EGCC-maiwaheed,Abdulrahman (60626989),5978,"00:01:48

(To. 00:01:48)",双方接通,00:00:00,2313(Maqsam),966****1131,2026-04-17 05:29:43,2026-04-17 05:29:43,20260417通话记录
   ,51habiba.hassan,student (62858053),5977,"00:00:42

(To. 00:00:42)",双方接通,00:00:00,2244(Maqsam),966****0501,2026-04-17 00:18:35,2026-04-17 00:18:35,20260417通话记录
   ,EGCC-fatmamohamed,student (62941413),5978,"00:02:51

(To. 00:02:51)",双方接通,00:00:00,2310(Maqsam),966****4305,2026-04-17 02:40:58,2026-04-17 02:40:58,20260417通话记录
   ,EGCC-maiwaheed,student (62948453),5978,"00:02:39

(To. 00:02:39)",双方接通,00:00:00,2313(Maqsam),966****2290,2026-04-17 01:41:55,2026-04-17 01:41:55,20260417通话记录
   ,EGCC-maiwaheed,student (62938790),5978,"00:00:57

(To. 00:00:57)",双方接通,00:00:00,2313(Maqsam),966****3663,2026-04-17 01:46:47,2026-04-17 01:46:47,20260417通话记录
   ,EGCC-maiwaheed,student (62940404),5978,"00:01:02

(To. 00:01:02)",双方接通,00:00:00,2313(Maqsam),966****3112,2026-04-17 00:35:52,2026-04-17 00:35:52,20260417通话记录
  ,EGCC-eman.amr,student (62807946),5977,00:00:00,客户未接听,00:00:00,2289(Maqsam),966****5449,2026-04-17 02:13:46,,20260417通话记录
  ,EGCC-eman.amr,student (62946734),5977,00:00:00,用户忙,00:00:00,2289(Maqsam),966****5927,2026-04-17 01:06:57,,20260417通话记录
   ,EGCC-maiwaheed,Abdulrahman (60626989),5978,"00:01:42

(To. 00:01:42)",双方接通,00:00:00,2313(Maqsam),966****1131,2026-04-17 04:43:10,2026-04-17 04:43:10,20260417通话记录
  ,51habiba.hassan,student (62956218),5977,00:00:00,用户忙,00:00:00,2244(Maqsam),966****3651,2026-04-18 21:02:15,,20260418通话记录
  ,EGCC-tasneemmahmoud,student (62958497),5978,00:00:00,用户忙,00:00:00,2311(Maqsam),966****0582,2026-04-18 21:21:45,,20260418通话记录
  ,EGCC-maiwaheed,student (62958806),5978,00:00:00,用户忙,00:00:00,2313(Maqsam),966****7642,2026-04-18 21:08:52,,20260418通话记录
  ,51nadamuhammad,student (62958419),5978,00:00:00,in_progress,00:00:00,2245(Maqsam),966****6417,2026-04-18 18:56:54,,20260418通话记录
  ,51nadamuhammad,SAIF (58990176),5978,00:00:00,in_progress,00:00:00,2245(Maqsam),966****8013,2026-04-18 18:20:17,,20260418通话记录
   ,EGCC-fatmamohamed,student (62945111),5978,"00:00:25

(To. 00:00:25)",双方接通,00:00:00,2310(Maqsam),966****5736,2026-04-18 20:45:23,2026-04-18 20:45:23,20260418通话记录
  ,EGCC-tasneemmahmoud,student (62942278),5978,00:00:00,客户未接听,00:00:00,2311(Maqsam),966****8629,2026-04-18 18:55:46,,20260418通话记录
  ,51nadamuhammad,student (62955585),5978,00:00:00,用户忙,00:00:00,2245(Maqsam),966****5712,2026-04-18 20:07:19,,20260418通话记录
  ,51nadamuhammad,student (61269611),5978,00:00:00,客户未接听,00:00:00,2245(Maqsam),966****3031,2026-04-18 20:33:42,,20260418通话记录
  ,51habiba.hassan,student (62954155),5977,00:00:00,in_progress,00:00:00,2244(Maqsam),966****5271,2026-04-18 21:35:17,,20260418通话记录
  ,EGCC-tasneemmahmoud,student (61667911),5978,00:00:00,in_progress,00:00:00,2311(Maqsam),966****3038,2026-04-18 19:05:27,,20260418通话记录
   ,51nadamuhammad,student (62944944),5978,"00:01:05

(To. 00:01:05)",双方接通,00:00:00,2245(Maqsam),966****3881,2026-04-18 20:17:25,2026-04-18 20:17:25,20260418通话记录
  ,51nadamuhammad,student (62942574),5978,00:00:00,客户未接听,00:00:00,2245(Maqsam),966****3442,2026-04-18 20:58:21,,20260418通话记录
   ,EGCC-maiwaheed,student (62941914),5978,"00:01:27

(To. 00:01:27)",双方接通,00:00:00,2313(Maqsam),966****0588,2026-04-18 20:19:40,2026-04-18 20:19:40,20260418通话记录
   ,EGCC-fatmamohamed,student (62951377),5978,"00:00:19

(To. 00:00:19)",双方接通,00:00:00,2310(Maqsam),966****3609,2026-04-18 20:35:41,2026-04-18 20:35:41,20260418通话记录
  ,EGCC-tasneemmahmoud,student (62440837),5978,00:00:00,客户未接听,00:00:00,2311(Maqsam),966****7784,2026-04-18 19:13:37,,20260418通话记录
   ,EGCC-fatmamohamed,student (62942723),5978,"00:08:46

(To. 00:08:46)",双方接通,00:00:00,2310(Maqsam),966****8734,2026-04-18 21:10:43,2026-04-18 21:10:43,20260418通话记录
   ,51habiba.hassan,student (62960760),5977,"00:08:47

(To. 00:08:47)",双方接通,00:00:00,2244(Maqsam),966****3528,2026-04-18 20:43:45,2026-04-18 20:43:45,20260418通话记录
   ,51habiba.hassan,student (0),5977,"00:01:44

(To. 00:01:44)",双方接通,00:00:00,2244(Maqsam),966****3447,2026-04-18 20:34:59,2026-04-18 20:34:59,20260418通话记录
   ,EGCC-fatmamohamed,student (62948870),5978,"00:12:55

(To. 00:12:55)",双方接通,00:00:00,2310(Maqsam),966****7407,2026-04-18 18:46:13,2026-04-18 18:46:13,20260418通话记录
  ,EGCC-tasneemmahmoud,student (62935671),5978,00:00:00,客户未接听,00:00:00,2311(Maqsam),966****5265,2026-04-18 18:03:53,,20260418通话记录
  ,EGCC-fatmamohamed,student (62949797),5978,00:00:00,客户未接听,00:00:00,2310(Maqsam),966****5638,2026-04-18 20:43:31,,20260418通话记录
  ,EGCC-fatmamohamed,student (62954113),5978,00:00:00,用户忙,00:00:00,2310(Maqsam),966****2104,2026-04-18 20:24:09,,20260418通话记录
   ,51nadamuhammad,student (62948985),5978,"00:01:06

(To. 00:01:06)",双方接通,00:00:00,2245(Maqsam),966****8194,2026-04-18 20:38:27,2026-04-18 20:38:27,20260418通话记录
   ,EGCC-tasneemmahmoud,student (62945134),5978,"00:12:16

(To. 00:12:16)",双方接通,00:00:00,2311(Maqsam),966****9074,2026-04-18 19:31:39,2026-04-18 19:31:39,20260418通话记录
  ,51nadamuhammad,student (62956120),5978,00:00:00,用户忙,00:00:00,2245(Maqsam),966****1036,2026-04-18 19:44:13,,20260418通话记录
   ,EGCC-fatmamohamed,student (62955493),5978,"00:09:35

(To. 00:09:35)",双方接通,00:00:00,2310(Maqsam),966****6234,2026-04-18 19:43:48,2026-04-18 19:43:48,20260418通话记录
   ,EGCC-tasneemmahmoud,student (62948151),5978,"00:00:14

(To. 00:00:14)",双方接通,00:00:00,2311(Maqsam),966****3100,2026-04-18 18:50:38,2026-04-18 18:50:38,20260418通话记录
   ,EGCC-fatmamohamed,student (62956260),5978,"00:00:07

(To. 00:00:07)",双方接通,00:00:00,2310(Maqsam),966****8624,2026-04-18 20:22:27,2026-04-18 20:22:27,20260418通话记录
   ,51habiba.hassan,student (62956218),5977,"00:00:53

(To. 00:00:53)",双方接通,00:00:00,2244(Maqsam),966****3651,2026-04-18 21:02:50,2026-04-18 21:02:50,20260418通话记录
  ,EGCC-maiwaheed,student (62949144),5978,00:00:00,客户未接听,00:00:00,2313(Maqsam),966****6135,2026-04-18 21:04:29,,20260418通话记录
  ,51nadamuhammad,student (61620450),5978,00:00:00,客户未接听,00:00:00,2245(Maqsam),966****1448,2026-04-18 21:48:45,,20260418通话记录
  ,EGCC-tasneemmahmoud,student (62949507),5978,00:00:00,用户忙,00:00:00,2311(Maqsam),966****5817,2026-04-18 21:23:43,,20260418通话记录
  ,EGCC-tasneemmahmoud,student (62932969),5978,00:00:00,客户未接听,00:00:00,2311(Maqsam),966****0906,2026-04-18 17:58:32,,20260418通话记录
  ,EGCC-tasneemmahmoud,student (62942717),5978,00:00:00,客户未接听,00:00:00,2311(Maqsam),966****8253,2026-04-18 19:48:30,,20260418通话记录
  ,EGCC-tasneemmahmoud,student (62946481),5978,00:00:00,in_progress,00:00:00,2311(Maqsam),966****0859,2026-04-18 18:23:33,,20260418通话记录
  ,51nadamuhammad,student (62952352),5978,00:00:00,客户未接听,00:00:00,2245(Maqsam),966****6059,2026-04-18 20:24:44,,20260418通话记录
   ,EGCC-maiwaheed,student (62958806),5978,"00:00:21

(To. 00:00:21)",双方接通,00:00:00,2313(Maqsam),966****7642,2026-04-18 21:08:18,2026-04-18 21:08:18,20260418通话记录
   ,EGCC-fatmamohamed,student (62949212),5978,"00:09:22

(To. 00:09:22)",双方接通,00:00:00,2310(Maqsam),966****1401,2026-04-18 19:24:07,2026-04-18 19:24:07,20260418通话记录
   ,EGCC-maiwaheed,student (62958806),5978,"00:00:14

(To. 00:00:14)",双方接通,00:00:00,2313(Maqsam),966****7642,2026-04-18 21:07:19,2026-04-18 21:07:19,20260418通话记录
   ,51nadamuhammad,student (62948045),5978,"00:00:03

(To. 00:00:03)",双方接通,00:00:00,2245(Maqsam),966****2369,2026-04-18 18:53:28,2026-04-18 18:53:28,20260418通话记录
   ,EGCC-tasneemmahmoud,student (62948151),5978,"00:00:14

(To. 00:00:14)",双方接通,00:00:00,2311(Maqsam),966****3100,2026-04-18 18:51:12,2026-04-18 18:51:12,20260418通话记录
  ,EGCC-fatmamohamed,student (62959478),5978,00:00:00,用户忙,00:00:00,2310(Maqsam),966****3498,2026-04-18 19:20:48,,20260418通话记录
   ,EGCC-maiwaheed,student (62846992),5978,"00:00:30

(To. 00:00:30)",双方接通,00:00:00,2313(Maqsam),966****9617,2026-04-18 18:22:23,2026-04-18 18:22:23,20260418通话记录
   ,EGCC-maiwaheed,Abdulrahman (60626989),5978,"00:00:22

(To. 00:00:22)",双方接通,00:00:00,2313(Maqsam),966****1131,2026-04-18 18:29:20,2026-04-18 18:29:20,20260418通话记录
   ,EGCC-maiwaheed,student (62956423),5978,"00:05:42

(To. 00:05:42)",双方接通,00:00:00,2313(Maqsam),966****7880,2026-04-18 19:16:21,2026-04-18 19:16:21,20260418通话记录
   ,51habiba.hassan,Abdulmalek (59923479),5977,"00:03:34

(To. 00:03:34)",双方接通,00:00:00,2244(Maqsam),966****8072,2026-04-18 19:05:54,2026-04-18 19:05:54,20260418通话记录
  ,EGCC-fatmamohamed,student (62958228),5978,00:00:00,客户未接听,00:00:00,2310(Maqsam),966****1320,2026-04-18 20:16:54,,20260418通话记录
   ,51habiba.hassan,student (62956531),5977,"00:09:10

(To. 00:09:10)",双方接通,00:00:00,2244(Maqsam),966****9257,2026-04-18 19:17:56,2026-04-18 19:17:56,20260418通话记录
   ,51nadamuhammad,student (62948985),5978,"00:14:43

(To. 00:14:43)",双方接通,00:00:00,2245(Maqsam),966****8194,2026-04-18 20:40:15,2026-04-18 20:40:15,20260418通话记录
   ,EGCC-maiwaheed,Shaden (62933251),5978,"00:03:38

(To. 00:03:38)",双方接通,00:00:00,2313(Maqsam),966****4998,2026-04-18 18:17:47,2026-04-18 18:17:47,20260418通话记录
   ,51nadamuhammad,student (62948045),5978,"00:00:39

(To. 00:00:39)",双方接通,00:00:00,2245(Maqsam),966****2369,2026-04-18 18:52:06,2026-04-18 18:52:06,20260418通话记录
  ,51nadamuhammad,maged (60154714),5978,00:00:00,客户未接听,00:00:00,2245(Maqsam),966****0435,2026-04-18 20:21:26,,20260418通话记录
   ,51habiba.hassan,student (62956218),5977,"00:09:51

(To. 00:09:51)",双方接通,00:00:00,2244(Maqsam),966****3651,2026-04-18 21:09:39,2026-04-18 21:09:39,20260418通话记录
   ,EGCC-maiwaheed,student (62952759),5978,"00:08:05

(To. 00:08:05)",双方接通,00:00:00,2313(Maqsam),966****8082,2026-04-18 20:22:19,2026-04-18 20:22:19,20260418通话记录
   ,51nadamuhammad,student (62956120),5978,"00:00:04

(To. 00:00:04)",双方接通,00:00:00,2245(Maqsam),966****1036,2026-04-18 19:41:11,2026-04-18 19:41:11,20260418通话记录
  ,EGCC-fatmamohamed,student (62955844),5978,00:00:00,in_progress,00:00:00,2310(Maqsam),966****1960,2026-04-18 20:27:08,,20260418通话记录
   ,51habiba.hassan,Abdulmalek (59923479),5977,"00:07:54

(To. 00:07:54)",双方接通,00:00:00,2244(Maqsam),966****8072,2026-04-18 18:57:35,2026-04-18 18:57:35,20260418通话记录
  ,51habiba.hassan,student (62956531),5977,00:00:00,客户未接听,00:00:00,2244(Maqsam),966****9257,2026-04-18 19:16:10,,20260418通话记录
   ,51nadamuhammad,student (62945431),5978,"00:02:00

(To. 00:02:00)",双方接通,00:00:00,2245(Maqsam),966****7648,2026-04-18 21:06:23,2026-04-18 21:06:23,20260418通话记录
  ,51habiba.hassan,student (62951742),5977,00:00:00,客户未接听,00:00:00,2244(Maqsam),966****9865,2026-04-18 20:33:25,,20260418通话记录
  ,EGCC-maiwaheed,student (62955965),5978,00:00:00,客户未接听,00:00:00,2313(Maqsam),966****4658,2026-04-18 21:17:01,,20260418通话记录
   ,EGCC-maiwaheed,student (62942719),5978,"00:02:21

(To. 00:02:21)",双方接通,00:00:00,2313(Maqsam),966****1867,2026-04-18 20:16:18,2026-04-18 20:16:18,20260418通话记录
   ,EGCC-tasneemmahmoud,student (62956331),5978,"00:00:56

(To. 00:00:56)",双方接通,00:00:00,2311(Maqsam),966****5304,2026-04-18 18:17:43,2026-04-18 18:17:43,20260418通话记录
   ,EGCC-tasneemmahmoud,student (62942340),5978,"00:07:20

(To. 00:07:20)",双方接通,00:00:00,2311(Maqsam),966****5090,2026-04-19 20:12:08,2026-04-19 20:12:08,20260419通话记录
   ,EGCC-eman.amr,student (0),5977,"00:00:08

(To. 00:00:08)",双方接通,00:00:00,2289(Maqsam),966****6070,2026-04-19 21:40:14,2026-04-19 21:40:14,20260419通话记录
   ,EGCC-fatmamohamed,student (62939637),5978,"00:00:05

(To. 00:00:05)",双方接通,00:00:00,2310(Maqsam),966****5175,2026-04-19 21:03:25,2026-04-19 21:03:25,20260419通话记录
  ,EGCC-eman.amr,student (62938162),5977,00:00:00,prepped,00:00:00,2289(Maqsam),966****0933,2026-04-19 21:02:42,,20260419通话记录
   ,EGCC-maiwaheed,student (62523779),5978,"00:00:06

(To. 00:00:06)",双方接通,00:00:00,2313(Maqsam),966****7643,2026-04-19 21:11:56,2026-04-19 21:11:56,20260419通话记录
   ,EGCC-maiwaheed,student (62949543),5978,"00:04:35

(To. 00:04:35)",双方接通,00:00:00,2313(Maqsam),966****6289,2026-04-19 19:14:28,2026-04-19 19:14:28,20260419通话记录
  ,EGCC-fatmamohamed,student (62956260),5978,00:00:00,in_progress,00:00:00,2310(Maqsam),966****8624,2026-04-19 20:26:55,,20260419通话记录
  ,EGCC-tasneemmahmoud,student (62942340),5978,00:00:00,in_progress,00:00:00,2311(Maqsam),966****5090,2026-04-19 19:59:18,,20260419通话记录
   ,EGCC-tasneemmahmoud,student (62945134),5978,"00:00:10

(To. 00:00:10)",双方接通,00:00:00,2311(Maqsam),966****9074,2026-04-19 18:51:46,2026-04-19 18:51:46,20260419通话记录
  ,51habiba.hassan,student (62960760),5977,00:00:00,客户未接听,00:00:00,2244(Maqsam),966****3528,2026-04-19 22:22:47,,20260419通话记录
   ,51nadamuhammad,student (62538106),5978,"00:01:10

(To. 00:01:10)",双方接通,00:00:00,2245(Maqsam),966****5666,2026-04-19 19:49:48,2026-04-19 19:49:48,20260419通话记录
  ,EGCC-eman.amr,student (62949136),5977,00:00:00,客户未接听,00:00:00,2289(Maqsam),966****4186,2026-04-19 18:32:10,,20260419通话记录
  ,EGCC-fatmamohamed,student (62819557),5978,00:00:00,客户未接听,00:00:00,2310(Maqsam),966****6957,2026-04-19 22:18:02,,20260419通话记录
   ,51nadamuhammad,Eman (60518499),5978,"00:02:04

(To. 00:02:04)",双方接通,00:00:00,2245(Maqsam),971****7417,2026-04-19 19:45:56,2026-04-19 19:45:56,20260419通话记录
  ,EGCC-eman.amr,student (62919937),5977,00:00:00,客户未接听,00:00:00,2289(Maqsam),966****2718,2026-04-19 22:36:31,,20260419通话记录
  ,51habiba.hassan,student (62944969),5977,00:00:00,客户未接听,00:00:00,2244(Maqsam),966****8318,2026-04-19 19:54:59,,20260419通话记录
  ,EGCC-tasneemmahmoud,student (62955195),5978,00:00:00,客户未接听,00:00:00,2311(Maqsam),966****2264,2026-04-19 20:58:40,,20260419通话记录
  ,51habiba.hassan,student (62943991),5977,00:00:00,in_progress,00:00:00,2244(Maqsam),966****2422,2026-04-19 20:17:46,,20260419通话记录
   ,51nadamuhammad,Rana (60798244),5978,"00:01:23

(To. 00:01:23)",双方接通,00:00:00,2245(Maqsam),966****6596,2026-04-19 21:44:47,2026-04-19 21:44:47,20260419通话记录
  ,51nadamuhammad,student (62963886),5978,00:00:00,用户忙,00:00:00,2245(Maqsam),966****9211,2026-04-19 20:59:27,,20260419通话记录
   ,EGCC-eman.amr,khadija (62781041),5977,"00:01:25

(To. 00:01:25)",双方接通,00:00:00,2289(Maqsam),966****4984,2026-04-19 20:53:39,2026-04-19 20:53:39,20260419通话记录
  ,EGCC-tasneemmahmoud,student (62955342),5978,00:00:00,用户忙,00:00:00,2311(Maqsam),966****5526,2026-04-19 20:37:19,,20260419通话记录
  ,51nadamuhammad,student (61176638),5978,00:00:00,客户未接听,00:00:00,2245(Maqsam),966****9683,2026-04-19 22:34:19,,20260419通话记录
   ,EGCC-tasneemmahmoud,student (62949424),5978,"00:01:28

(To. 00:01:28)",双方接通,00:00:00,2311(Maqsam),966****9492,2026-04-19 23:28:17,2026-04-19 23:28:17,20260419通话记录
   ,EGCC-maiwaheed,student (62596186),5978,"00:00:07

(To. 00:00:07)",双方接通,00:00:00,2313(Maqsam),966****3047,2026-04-19 21:07:50,2026-04-19 21:07:50,20260419通话记录
   ,EGCC-fatmamohamed,student (62944434),5978,"00:00:56

(To. 00:00:56)",双方接通,00:00:00,2310(Maqsam),966****6731,2026-04-19 23:56:09,2026-04-19 23:56:09,20260419通话记录
   ,EGCC-maiwaheed,student (62376443),5978,"00:00:28

(To. 00:00:28)",双方接通,00:00:00,2313(Maqsam),966****2775,2026-04-19 19:41:29,2026-04-19 19:41:29,20260419通话记录
   ,51nadamuhammad,student (0),5978,"00:05:12

(To. 00:05:12)",双方接通,00:00:00,2245(Maqsam),966****5218,2026-04-19 21:38:12,2026-04-19 21:38:12,20260419通话记录
  ,51nadamuhammad,student (62961676),5978,00:00:00,in_progress,00:00:00,2245(Maqsam),966****7970,2026-04-19 21:05:46,,20260419通话记录
  ,51habiba.hassan,student (62963605),5977,00:00:00,用户忙,00:00:00,2244(Maqsam),966****6717,2026-04-19 20:12:09,,20260419通话记录
  ,51habiba.hassan,student (62942855),5977,00:00:00,in_progress,00:00:00,2244(Maqsam),966****5102,2026-04-19 20:54:03,,20260419通话记录
   ,EGCC-eman.amr,student (0),5977,"00:01:06

(To. 00:01:06)",双方接通,00:00:00,2289(Maqsam),966****0003,2026-04-19 19:06:04,2026-04-19 19:06:04,20260419通话记录
  ,EGCC-maiwaheed,student (62958891),5978,00:00:00,客户未接听,00:00:00,2313(Maqsam),966****9408,2026-04-19 19:01:03,,20260419通话记录
  ,EGCC-maiwaheed,student (62185208),5978,00:00:00,客户未接听,00:00:00,2313(Maqsam),966****8823,2026-04-19 19:30:47,,20260419通话记录
   ,51habiba.hassan,student (62950514),5977,"00:00:33

(To. 00:00:33)",双方接通,00:00:00,2244(Maqsam),966****7783,2026-04-19 19:45:33,2026-04-19 19:45:33,20260419通话记录
   ,EGCC-maiwaheed,student (62942832),5978,"00:01:03

(To. 00:01:03)",双方接通,00:00:00,2313(Maqsam),966****1265,2026-04-19 18:51:37,2026-04-19 18:51:37,20260419通话记录
   ,51habiba.hassan,student (62942690),5977,"00:00:55

(To. 00:00:55)",双方接通,00:00:00,2244(Maqsam),966****3293,2026-04-19 21:04:20,2026-04-19 21:04:20,20260419通话记录
  ,51habiba.hassan,student (62942690),5977,00:00:00,用户忙,00:00:00,2244(Maqsam),966****3293,2026-04-19 21:04:00,,20260419通话记录
  ,EGCC-tasneemmahmoud,student (62942521),5978,00:00:00,in_progress,00:00:00,2311(Maqsam),966****6706,2026-04-19 18:32:53,,20260419通话记录
   ,51nadamuhammad,student (62936517),5978,"00:23:59

(To. 00:23:59)",双方接通,00:00:00,2245(Maqsam),966****1899,2026-04-19 18:39:53,2026-04-19 18:39:53,20260419通话记录
   ,EGCC-eman.amr,student (0),5977,"00:01:16

(To. 00:01:16)",双方接通,00:00:00,2289(Maqsam),966****1388,2026-04-19 22:20:21,2026-04-19 22:20:21,20260419通话记录
  ,EGCC-fatmamohamed,student (62937600),5978,00:00:00,用户忙,00:00:00,2310(Maqsam),966****5538,2026-04-19 21:20:05,,20260419通话记录
  ,EGCC-maiwaheed,student (58745949),5978,00:00:00,用户忙,00:00:00,2313(Maqsam),966****2455,2026-04-19 21:09:55,,20260419通话记录
  ,EGCC-maiwaheed,student (61960137),5978,00:00:00,客户未接听,00:00:00,2313(Maqsam),966****0760,2026-04-19 19:36:40,,20260419通话记录
  ,EGCC-eman.amr,student (62950273),5977,00:00:00,客户未接听,00:00:00,2289(Maqsam),966****7341,2026-04-19 21:14:05,,20260419通话记录
  ,EGCC-eman.amr,Farah (62901889),5977,00:00:00,客户未接听,00:00:00,2289(Maqsam),966****3592,2026-04-19 21:26:01,,20260419通话记录
   ,EGCC-eman.amr,student (62942690),5977,"00:00:31

(To. 00:00:31)",双方接通,00:00:00,2289(Maqsam),966****3293,2026-04-19 19:48:00,2026-04-19 19:48:00,20260419通话记录
  ,EGCC-fatmamohamed,student (62945111),5978,00:00:00,in_progress,00:00:00,2310(Maqsam),966****5736,2026-04-19 17:41:34,,20260419通话记录
   ,EGCC-maiwaheed,student (62942832),5978,"00:00:39

(To. 00:00:39)",双方接通,00:00:00,2313(Maqsam),966****1265,2026-04-19 21:58:28,2026-04-19 21:58:28,20260419通话记录
  ,51nadamuhammad,student (61380522),5978,00:00:00,客户未接听,00:00:00,2245(Maqsam),966****0907,2026-04-19 19:26:08,,20260419通话记录
  ,51habiba.hassan,student (62942216),5977,00:00:00,客户未接听,00:00:00,2244(Maqsam),966****4890,2026-04-19 21:26:16,,20260419通话记录
   ,51habiba.hassan,student (62968708),5977,"00:26:38

(To. 00:26:38)",双方接通,00:00:00,2244(Maqsam),966****0693,2026-04-19 20:25:57,2026-04-19 20:25:57,20260419通话记录
  ,EGCC-fatmamohamed,student (62965763),5978,00:00:00,in_progress,00:00:00,2310(Maqsam),966****9493,2026-04-19 20:11:33,,20260419通话记录
  ,EGCC-fatmamohamed,student (62942762),5978,00:00:00,in_progress,00:00:00,2310(Maqsam),966****7530,2026-04-19 19:02:26,,20260419通话记录
   ,EGCC-maiwaheed,student (62969756),5978,"00:14:24

(To. 00:14:24)",双方接通,00:00:00,2313(Maqsam),966****3649,2026-04-19 22:22:02,2026-04-19 22:22:02,20260419通话记录
  ,EGCC-tasneemmahmoud,student (62963985),5978,00:00:00,in_progress,00:00:00,2311(Maqsam),966****2979,2026-04-19 22:26:54,,20260419通话记录
  ,51habiba.hassan,student (62948871),5977,00:00:00,in_progress,00:00:00,2244(Maqsam),966****7140,2026-04-19 19:41:23,,20260419通话记录
   ,EGCC-tasneemmahmoud,student (62969847),5978,"00:00:04

(To. 00:00:04)",双方接通,00:00:00,2311(Maqsam),966****2332,2026-04-19 22:13:48,2026-04-19 22:13:48,20260419通话记录
  ,EGCC-eman.amr,Sara (62804055),5977,00:00:00,客户未接听,00:00:00,2289(Maqsam),966****2976,2026-04-19 20:43:41,,20260419通话记录
  ,EGCC-maiwaheed,student (61765896),5978,00:00:00,用户忙,00:00:00,2313(Maqsam),966****5267,2026-04-19 19:38:27,,20260419通话记录
   ,EGCC-maiwaheed,student (62836917),5978,"00:09:57

(To. 00:09:57)",双方接通,00:00:00,2313(Maqsam),966****2709,2026-04-19 22:57:38,2026-04-19 22:57:38,20260419通话记录
  ,EGCC-maiwaheed,student (62956320),5978,00:00:00,客户未接听,00:00:00,2313(Maqsam),966****0298,2026-04-19 19:24:43,,20260419通话记录
   ,EGCC-eman.amr,Razan (62765509),5977,"00:01:10

(To. 00:01:10)",双方接通,00:00:00,2289(Maqsam),966****5616,2026-04-19 22:27:07,2026-04-19 22:27:07,20260419通话记录
   ,EGCC-eman.amr,student (62946734),5977,"00:00:07

(To. 00:00:07)",双方接通,00:00:00,2289(Maqsam),966****5927,2026-04-19 17:54:08,2026-04-19 17:54:08,20260419通话记录
  ,EGCC-eman.amr,student (62822324),5977,00:00:00,客户未接听,00:00:00,2289(Maqsam),966****1526,2026-04-19 17:52:22,,20260419通话记录
   ,51habiba.hassan,student (62966027),5977,"00:06:15

(To. 00:06:15)",双方接通,00:00:00,2244(Maqsam),966****0229,2026-04-19 18:36:00,2026-04-19 18:36:00,20260419通话记录
  ,EGCC-tasneemmahmoud,student (62962257),5978,00:00:00,客户未接听,00:00:00,2311(Maqsam),966****7750,2026-04-19 21:05:23,,20260419通话记录
   ,EGCC-eman.amr,student (59140650),5977,"00:02:43

(To. 00:02:43)",双方接通,00:00:00,2289(Maqsam),966****9617,2026-04-19 23:12:57,2026-04-19 23:12:57,20260419通话记录
   ,EGCC-maiwaheed,student (62904740),5978,"00:00:12

(To. 00:00:12)",双方接通,00:00:00,2313(Maqsam),966****1933,2026-04-19 21:24:23,2026-04-19 21:24:23,20260419通话记录
   ,51nadamuhammad,student (0),5978,"00:06:24

(To. 00:06:24)",双方接通,00:00:00,2245(Maqsam),966****9555,2026-04-19 23:46:32,2026-04-19 23:46:32,20260419通话记录
   ,EGCC-fatmamohamed,student (62944434),5978,"00:08:34

(To. 00:08:34)",双方接通,00:00:00,2310(Maqsam),966****6731,2026-04-19 22:32:11,2026-04-19 22:32:11,20260419通话记录
   ,51nadamuhammad,student (61627762),5978,"00:01:56

(To. 00:01:56)",Both parties connected,00:00:00,2245(Maqsam),966****1202,2026-04-20 02:18:12,2026-04-20 02:18:12,20260420通话记录
  ,EGCC-eman.amr,student (62894024),5977,00:00:00,User busy,00:00:00,2289(Maqsam),966****7146,2026-04-20 00:03:35,,20260420通话记录
  ,EGCC-maiwaheed,student (62971813),5978,00:00:00,Customer did not answer,00:00:00,2313(Maqsam),966****5267,2026-04-20 20:18:53,,20260420通话记录
  ,EGCC-maiwaheed,student (62956960),5978,00:00:00,User busy,00:00:00,2313(Maqsam),966****3189,2026-04-20 23:13:35,,20260420通话记录
   ,EGCC-tasneemmahmoud,student (0),5978,"00:01:07

(To. 00:01:07)",Both parties connected,00:00:00,2311(Maqsam),966****0253,2026-04-20 00:57:33,2026-04-20 00:57:33,20260420通话记录
   ,EGCC-eman.amr,student (62956845),5977,"00:09:36

(To. 00:09:36)",Both parties connected,00:00:00,2289(Maqsam),966****7022,2026-04-20 01:38:53,2026-04-20 01:38:53,20260420通话记录
  ,EGCC-tasneemmahmoud,student (62213650),5978,00:00:00,in_progress,00:00:00,2311(Maqsam),966****7209,2026-04-20 02:05:56,,20260420通话记录
   ,51nadamuhammad,student (60513640),5978,"00:00:58

(To. 00:00:58)",Both parties connected,00:00:00,2245(Maqsam),966****8401,2026-04-20 00:54:53,2026-04-20 00:54:53,20260420通话记录
   ,51habiba.hassan,student (62976850),5977,"00:06:42

(To. 00:06:42)",Both parties connected,00:00:00,2244(Maqsam),966****6465,2026-04-20 22:47:43,2026-04-20 22:47:43,20260420通话记录
   ,EGCC-maiwaheed,student (62928241),5978,"00:00:15

(To. 00:00:15)",Both parties connected,00:00:00,2313(Maqsam),966****3324,2026-04-20 18:30:50,2026-04-20 18:30:50,20260420通话记录
  ,EGCC-tasneemmahmoud,student (62955623),5978,00:00:00,Customer did not answer,00:00:00,2311(Maqsam),966****1998,2026-04-20 01:51:56,,20260420通话记录
   ,EGCC-tasneemmahmoud,student (62096193),5978,"00:00:53

(To. 00:00:53)",Both parties connected,00:00:00,2311(Maqsam),966****8753,2026-04-20 02:07:25,2026-04-20 02:07:25,20260420通话记录
  ,EGCC-maiwaheed,student (62969756),5978,00:00:00,User busy,00:00:00,2313(Maqsam),966****3649,2026-04-20 00:34:17,,20260420通话记录
   ,51nadamuhammad,student (62832582),5978,"00:00:04

(To. 00:00:04)",Both parties connected,00:00:00,2245(Maqsam),966****9318,2026-04-20 20:27:14,2026-04-20 20:27:14,20260420通话记录
  ,51nadamuhammad,Mohammad (60861875),5978,00:00:00,Customer did not answer,00:00:00,2245(Maqsam),966****9253,2026-04-20 02:14:59,,20260420通话记录
   ,51nadamuhammad,student (0),5978,"00:00:02

(To. 00:00:02)",Both parties connected,00:00:00,2245(Maqsam),966****0307,2026-04-20 01:39:31,2026-04-20 01:39:31,20260420通话记录
  ,EGCC-fatmamohamed,student (62974823),5978,00:00:00,in_progress,00:00:00,2310(Maqsam),966****3270,2026-04-20 21:20:44,,20260420通话记录
  ,51habiba.hassan,student (62977775),5977,00:00:00,prepped,00:00:00,2244(Maqsam),966****9770,2026-04-20 21:57:11,,20260420通话记录
   ,51habiba.hassan,student (62963453),5977,"00:12:13

(To. 00:12:13)",Both parties connected,00:00:00,2244(Maqsam),966****1634,2026-04-20 19:13:24,2026-04-20 19:13:24,20260420通话记录
  ,51habiba.hassan,student (62942303),5977,00:00:00,Customer did not answer,00:00:00,2244(Maqsam),966****1419,2026-04-20 01:46:34,,20260420通话记录
   ,51nadamuhammad,Salah Mohammed (59973700),5978,"00:00:27

(To. 00:00:27)",Both parties connected,00:00:00,2245(Maqsam),966****8413,2026-04-20 01:30:28,2026-04-20 01:30:28,20260420通话记录
   ,51nadamuhammad,Mohamed (60757324),5978,"00:00:25

(To. 00:00:25)",Both parties connected,00:00:00,2245(Maqsam),966****4997,2026-04-20 01:22:03,2026-04-20 01:22:03,20260420通话记录
  ,EGCC-maiwaheed,student (62961649),5978,00:00:00,Customer did not answer,00:00:00,2313(Maqsam),966****0839,2026-04-20 19:43:20,,20260420通话记录
   ,EGCC-tasneemmahmoud,student (62942340),5978,"00:01:34

(To. 00:01:34)",Both parties connected,00:00:00,2311(Maqsam),966****5090,2026-04-20 00:17:04,2026-04-20 00:17:04,20260420通话记录
  ,EGCC-maiwaheed,student (62972502),5978,00:00:00,Customer did not answer,00:00:00,2313(Maqsam),966****8616,2026-04-20 18:55:50,,20260420通话记录
  ,51habiba.hassan,student (62972740),5977,00:00:00,Customer did not answer,00:00:00,2244(Maqsam),966****8156,2026-04-20 19:28:20,,20260420通话记录
   ,EGCC-tasneemmahmoud,student (62971764),5978,"00:05:21

(To. 00:05:21)",Both parties connected,00:00:00,2311(Maqsam),966****6362,2026-04-20 19:14:36,2026-04-20 19:14:36,20260420通话记录
   ,51habiba.hassan,student (62976850),5977,"00:03:22

(To. 00:03:22)",Both parties connected,00:00:00,2244(Maqsam),966****6465,2026-04-20 22:43:25,2026-04-20 22:43:25,20260420通话记录
  ,EGCC-maiwaheed,student (62977010),5978,00:00:00,User busy,00:00:00,2313(Maqsam),966****5093,2026-04-20 20:21:23,,20260420通话记录
   ,51nadamuhammad,student (62961685),5978,"00:00:55

(To. 00:00:55)",Both parties connected,00:00:00,2245(Maqsam),966****3960,2026-04-20 20:06:58,2026-04-20 20:06:58,20260420通话记录
   ,EGCC-maiwaheed,student (62332272),5978,"00:10:01

(To. 00:10:01)",Both parties connected,00:00:00,2313(Maqsam),966****2946,2026-04-20 00:23:39,2026-04-20 00:23:39,20260420通话记录
   ,EGCC-tasneemmahmoud,student (62864384),5978,"00:04:25

(To. 00:04:25)",Both parties connected,00:00:00,2311(Maqsam),966****4279,2026-04-20 18:33:28,2026-04-20 18:33:28,20260420通话记录
  ,EGCC-maiwaheed,student (62972754),5978,00:00:00,in_progress,00:00:00,2313(Maqsam),966****3763,2026-04-20 22:08:50,,20260420通话记录
  ,EGCC-eman.amr,student (62961277),5977,00:00:00,User busy,00:00:00,2289(Maqsam),966****4260,2026-04-20 00:45:59,,20260420通话记录
   ,51nadamuhammad,student (62977160),5978,"00:04:33

(To. 00:04:33)",Both parties connected,00:00:00,2245(Maqsam),966****9436,2026-04-20 20:40:36,2026-04-20 20:40:36,20260420通话记录
  ,EGCC-maiwaheed,student (62946104),5978,00:00:00,User busy,00:00:00,2313(Maqsam),966****7363,2026-04-20 00:48:12,,20260420通话记录
   ,51nadamuhammad,student (0),5978,"00:02:41

(To. 00:02:41)",Both parties connected,00:00:00,2245(Maqsam),966****2900,2026-04-20 02:08:46,2026-04-20 02:08:46,20260420通话记录
   ,EGCC-eman.amr,Meshari (62970503),5977,"00:05:16

(To. 00:05:16)",Both parties connected,00:00:00,2289(Maqsam),966****5653,2026-04-20 01:25:31,2026-04-20 01:25:31,20260420通话记录
   ,51habiba.hassan,student (62954155),5977,"00:01:47

(To. 00:01:47)",Both parties connected,00:00:00,2244(Maqsam),966****5271,2026-04-20 21:17:40,2026-04-20 21:17:40,20260420通话记录
  ,51nadamuhammad,ahmad (61036627),5978,00:00:00,Customer did not answer,00:00:00,2245(Maqsam),966****6693,2026-04-20 01:46:25,,20260420通话记录
   ,EGCC-fatmamohamed,student (62942164),5978,"00:03:11

(To. 00:03:11)",Both parties connected,00:00:00,2310(Maqsam),966****3272,2026-04-20 22:45:52,2026-04-20 22:45:52,20260420通话记录
   ,EGCC-maiwaheed,student (62818621),5978,"00:00:02

(To. 00:00:02)",Both parties connected,00:00:00,2313(Maqsam),966****2274,2026-04-20 22:15:59,2026-04-20 22:15:59,20260420通话记录
  ,51nadamuhammad,student (60840862),5978,00:00:00,Customer did not answer,00:00:00,2245(Maqsam),966****4948,2026-04-20 01:26:15,,20260420通话记录
   ,EGCC-maiwaheed,student (62972754),5978,"00:00:20

(To. 00:00:20)",Both parties connected,00:00:00,2313(Maqsam),966****3763,2026-04-20 21:18:27,2026-04-20 21:18:27,20260420通话记录
  ,EGCC-fatmamohamed,student (62942164),5978,00:00:00,User busy,00:00:00,2310(Maqsam),966****3272,2026-04-20 17:39:51,,20260420通话记录
   ,EGCC-tasneemmahmoud,student (62976414),5978,"00:04:36

(To. 00:04:36)",Both parties connected,00:00:00,2311(Maqsam),966****4484,2026-04-20 20:22:08,2026-04-20 20:22:08,20260420通话记录
   ,51nadamuhammad,student (0),5978,"00:02:58

(To. 00:02:58)",Both parties connected,00:00:00,2245(Maqsam),966****7775,2026-04-20 01:41:20,2026-04-20 01:41:20,20260420通话记录
   ,51nadamuhammad,student (62975787),5978,"00:08:37

(To. 00:08:37)",Both parties connected,00:00:00,2245(Maqsam),966****1274,2026-04-20 21:58:52,2026-04-20 21:58:52,20260420通话记录
   ,EGCC-fatmamohamed,student (62942723),5978,"00:00:45

(To. 00:00:45)",Both parties connected,00:00:00,2310(Maqsam),966****8734,2026-04-20 21:49:19,2026-04-20 21:49:19,20260420通话记录
  ,EGCC-fatmamohamed,student (62955493),5978,00:00:00,Both parties connected,00:00:00,2310(Maqsam),966****6234,2026-04-20 19:45:42,,20260420通话记录
   ,51habiba.hassan,student (62977775),5977,"00:04:25

(To. 00:04:25)",Both parties connected,00:00:00,2244(Maqsam),966****9770,2026-04-20 21:57:22,2026-04-20 21:57:22,20260420通话记录
   ,EGCC-eman.amr,student (62894024),5977,"00:00:28

(To. 00:00:28)",Both parties connected,00:00:00,2289(Maqsam),966****7146,2026-04-20 00:03:46,2026-04-20 00:03:46,20260420通话记录
  ,51habiba.hassan,student (62972653),5977,00:00:00,Customer did not answer,00:00:00,2244(Maqsam),966****4757,2026-04-20 19:43:20,,20260420通话记录
   ,EGCC-fatmamohamed,student (62942164),5978,"00:02:13

(To. 00:02:13)",Both parties connected,00:00:00,2310(Maqsam),966****3272,2026-04-20 01:44:06,2026-04-20 01:44:06,20260420通话记录
   ,EGCC-fatmamohamed,student (62971518),5978,"00:01:08

(To. 00:01:08)",Both parties connected,00:00:00,2310(Maqsam),966****5940,2026-04-20 19:05:26,2026-04-20 19:05:26,20260420通话记录
  ,EGCC-tasneemmahmoud,student (62977613),5978,00:00:00,in_progress,00:00:00,2311(Maqsam),966****6967,2026-04-20 22:45:12,,20260420通话记录
   ,EGCC-fatmamohamed,student (62942164),5978,"00:08:04

(To. 00:08:04)",Both parties connected,00:00:00,2310(Maqsam),966****3272,2026-04-20 18:14:59,2026-04-20 18:14:59,20260420通话记录
  ,EGCC-maiwaheed,student (62977626),5978,00:00:00,Customer did not answer,00:00:00,2313(Maqsam),966****8723,2026-04-20 22:40:19,,20260420通话记录
  ,51habiba.hassan,student (62976850),5977,00:00:00,User busy,00:00:00,2244(Maqsam),966****6465,2026-04-20 22:47:21,,20260420通话记录
   ,EGCC-fatmamohamed,student (62942164),5978,"00:06:52

(To. 00:06:52)",Both parties connected,00:00:00,2310(Maqsam),966****3272,2026-04-20 17:42:06,2026-04-20 17:42:06,20260420通话记录
   ,EGCC-tasneemmahmoud,student (62953391),5978,"00:07:20

(To. 00:07:20)",Both parties connected,00:00:00,2311(Maqsam),966****8340,2026-04-20 00:35:10,2026-04-20 00:35:10,20260420通话记录
  ,EGCC-tasneemmahmoud,student (62973267),5978,00:00:00,in_progress,00:00:00,2311(Maqsam),966****2697,2026-04-20 18:29:59,,20260420通话记录
   ,EGCC-fatmamohamed,student (62942762),5978,"00:01:23

(To. 00:01:23)",Both parties connected,00:00:00,2310(Maqsam),966****7530,2026-04-20 01:07:18,2026-04-20 01:07:18,20260420通话记录
  ,EGCC-fatmamohamed,student (62977361),5978,00:00:00,Customer did not answer,00:00:00,2310(Maqsam),966****7610,2026-04-20 22:24:40,,20260420通话记录
   ,51nadamuhammad,student (0),5978,"00:15:11

(To. 00:15:11)",Both parties connected,00:00:00,2245(Maqsam),966****5779,2026-04-20 01:00:08,2026-04-20 01:00:08,20260420通话记录
   ,EGCC-tasneemmahmoud,student (0),5978,"00:00:32

(To. 00:00:32)",Both parties connected,00:00:00,2311(Maqsam),966****0144,2026-04-20 18:49:47,2026-04-20 18:49:47,20260420通话记录
  ,51nadamuhammad,student (60951448),5978,00:00:00,in_progress,00:00:00,2245(Maqsam),966****9631,2026-04-20 01:49:10,,20260420通话记录
   ,51habiba.hassan,student (0),5977,"00:04:21

(To. 00:04:21)",Both parties connected,00:00:00,2244(Maqsam),966****3620,2026-04-20 00:19:05,2026-04-20 00:19:05,20260420通话记录
   ,EGCC-fatmamohamed,student (62955493),5978,"00:00:40

(To. 00:00:40)",Both parties connected,00:00:00,2310(Maqsam),966****6234,2026-04-20 22:07:23,2026-04-20 22:07:23,20260420通话记录
   ,EGCC-maiwaheed,student (62928241),5978,"00:05:03

(To. 00:05:03)",Both parties connected,00:00:00,2313(Maqsam),966****3324,2026-04-20 20:03:49,2026-04-20 20:03:49,20260420通话记录
  ,EGCC-maiwaheed,student (62898149),5978,00:00:00,User busy,00:00:00,2313(Maqsam),966****2139,2026-04-20 01:12:37,,20260420通话记录
  ,EGCC-fatmamohamed,student (62979732),5978,00:00:00,客户未接听,00:00:00,2310(Maqsam),966****2379,2026-04-21 01:54:54,,20260421通话记录
   ,51nadamuhammad,student (0),5978,"00:03:46

(To. 00:03:46)",双方接通,00:00:00,2245(Maqsam),966****7721,2026-04-21 01:45:50,2026-04-21 01:45:50,20260421通话记录
   ,51nadamuhammad,student (62961676),5978,"00:07:55

(To. 00:07:55)",双方接通,00:00:00,2245(Maqsam),966****7970,2026-04-21 00:35:20,2026-04-21 00:35:20,20260421通话记录
  ,EGCC-fatmamohamed,student (62979112),5978,00:00:00,用户忙,00:00:00,2310(Maqsam),966****7920,2026-04-21 18:28:14,,20260421通话记录
  ,EGCC-fatmamohamed,student (62968425),5978,00:00:00,in_progress,00:00:00,2310(Maqsam),966****7677,2026-04-21 02:17:34,,20260421通话记录
   ,EGCC-maiwaheed,amal (62803877),5978,"00:00:02

(To. 00:00:02)",双方接通,00:00:00,2313(Maqsam),966****7547,2026-04-21 23:57:05,2026-04-21 23:57:05,20260421通话记录
   ,EGCC-maiwaheed,noujood (62350986),5978,"00:03:28

(To. 00:03:28)",双方接通,00:00:00,2313(Maqsam),966****5116,2026-04-21 20:44:39,2026-04-21 20:44:39,20260421通话记录
  ,EGCC-maiwaheed,student (62961685),5978,00:00:00,客户未接听,00:00:00,2313(Maqsam),966****3960,2026-04-21 21:48:58,,20260421通话记录
  ,51habiba.hassan,student (62972656),5977,00:00:00,in_progress,00:00:00,2244(Maqsam),966****6650,2026-04-21 00:56:35,,20260421通话记录
   ,EGCC-eman.amr,student (62805158),5977,"00:00:20

(To. 00:00:20)",双方接通,00:00:00,2289(Maqsam),966****1883,2026-04-21 23:05:37,2026-04-21 23:05:37,20260421通话记录
  ,EGCC-maiwaheed,student (62949543),5978,00:00:00,呼叫失败,00:00:00,2313(Maqsam),966****6289,2026-04-21 17:38:44,,20260421通话记录
   ,EGCC-tasneemmahmoud,student (62979522),5978,"00:01:09

(To. 00:01:09)",双方接通,00:00:00,2311(Maqsam),966****7768,2026-04-21 01:03:50,2026-04-21 01:03:50,20260421通话记录
  ,EGCC-fatmamohamed,MANAR (62324315),5978,00:00:00,用户忙,00:00:00,2310(Maqsam),966****1538,2026-04-21 01:08:49,,20260421通话记录
   ,EGCC-fatmamohamed,student (62980158),5978,"00:01:17

(To. 00:01:17)",双方接通,00:00:00,2310(Maqsam),966****6505,2026-04-21 18:54:00,2026-04-21 18:54:00,20260421通话记录
   ,EGCC-fatmamohamed,student (62979979),5978,"00:07:31

(To. 00:07:31)",双方接通,00:00:00,2310(Maqsam),966****1772,2026-04-21 19:00:15,2026-04-21 19:00:15,20260421通话记录
  ,EGCC-tasneemmahmoud,Wateen (62984076),5978,00:00:00,用户忙,00:00:00,2311(Maqsam),966****2388,2026-04-21 19:43:47,,20260421通话记录
   ,EGCC-maiwaheed,student (62949543),5978,"00:03:43

(To. 00:03:43)",双方接通,00:00:00,2313(Maqsam),966****6289,2026-04-21 22:09:58,2026-04-21 22:09:58,20260421通话记录
  ,EGCC-tasneemmahmoud,student (62835231),5978,00:00:00,客户未接听,00:00:00,2311(Maqsam),966****2937,2026-04-21 20:37:27,,20260421通话记录
  ,51nadamuhammad,student (62985832),5978,00:00:00,用户忙,00:00:00,2245(Maqsam),966****8994,2026-04-21 22:34:02,,20260421通话记录
   ,EGCC-tasneemmahmoud,student (62836917),5978,"00:01:04

(To. 00:01:04)",双方接通,00:00:00,2311(Maqsam),966****2709,2026-04-21 01:48:42,2026-04-21 01:48:42,20260421通话记录
  ,51nadamuhammad,student (62978456),5978,00:00:00,用户忙,00:00:00,2245(Maqsam),966****5915,2026-04-21 01:21:55,,20260421通话记录
   ,51nadamuhammad,student (62983678),5978,"00:09:21

(To. 00:09:21)",双方接通,00:00:00,2245(Maqsam),966****2056,2026-04-21 22:39:03,2026-04-21 22:39:03,20260421通话记录
   ,EGCC-tasneemmahmoud,student (62985680),5978,"00:00:42

(To. 00:00:42)",双方接通,00:00:00,2311(Maqsam),966****7227,2026-04-21 22:05:31,2026-04-21 22:05:31,20260421通话记录
  ,EGCC-eman.amr,student (62977025),5977,00:00:00,客户未接听,00:00:00,2289(Maqsam),966****5769,2026-04-21 21:42:35,,20260421通话记录
   ,EGCC-maiwaheed,Abdulrahman (60626989),5978,"00:01:13

(To. 00:01:13)",双方接通,00:00:00,2313(Maqsam),966****1131,2026-04-21 01:49:20,2026-04-21 01:49:20,20260421通话记录
   ,EGCC-eman.amr,student (0),5977,"00:00:30

(To. 00:00:30)",双方接通,00:00:00,2289(Maqsam),201****4031,2026-04-21 19:09:02,2026-04-21 19:09:02,20260421通话记录
   ,EGCC-maiwaheed,amal (62803877),5978,"00:03:41

(To. 00:03:41)",双方接通,00:00:00,2313(Maqsam),966****7547,2026-04-21 02:21:27,2026-04-21 02:21:27,20260421通话记录
  ,EGCC-tasneemmahmoud,student (62889100),5978,00:00:00,客户未接听,00:00:00,2311(Maqsam),966****9331,2026-04-21 20:13:29,,20260421通话记录
  ,EGCC-tasneemmahmoud,student (62978706),5978,00:00:00,客户未接听,00:00:00,2311(Maqsam),966****2600,2026-04-21 20:27:18,,20260421通话记录
   ,EGCC-tasneemmahmoud,student (62981788),5978,"00:01:00

(To. 00:01:00)",双方接通,00:00:00,2311(Maqsam),966****7563,2026-04-21 17:45:15,2026-04-21 17:45:15,20260421通话记录
   ,EGCC-eman.amr,student (62942303),5977,"00:00:37

(To. 00:00:37)",双方接通,00:00:00,2289(Maqsam),966****1419,2026-04-21 22:53:51,2026-04-21 22:53:51,20260421通话记录
   ,EGCC-tasneemmahmoud,student (62986222),5978,"00:04:21

(To. 00:04:21)",双方接通,00:00:00,2311(Maqsam),966****2578,2026-04-21 22:53:14,2026-04-21 22:53:14,20260421通话记录
  ,EGCC-fatmamohamed,student (62734768),5978,00:00:00,in_progress,00:00:00,2310(Maqsam),966****1966,2026-04-21 22:39:09,,20260421通话记录
  ,EGCC-maiwaheed,student (62371490),5978,00:00:00,客户未接听,00:00:00,2313(Maqsam),966****3266,2026-04-21 18:54:47,,20260421通话记录
   ,EGCC-maiwaheed,Abdulrahman (60626989),5978,"00:01:51

(To. 00:01:51)",双方接通,00:00:00,2313(Maqsam),966****1131,2026-04-21 17:46:16,2026-04-21 17:46:16,20260421通话记录
   ,51habiba.hassan,student (62979654),5977,"00:05:08

(To. 00:05:08)",双方接通,00:00:00,2244(Maqsam),966****2694,2026-04-21 01:32:29,2026-04-21 01:32:29,20260421通话记录
  ,EGCC-fatmamohamed,student (62753211),5978,00:00:00,用户忙,00:00:00,2310(Maqsam),966****5253,2026-04-21 22:31:30,,20260421通话记录
   ,51habiba.hassan,student (62948871),5977,"00:01:08

(To. 00:01:08)",双方接通,00:00:00,2244(Maqsam),966****7140,2026-04-21 00:43:20,2026-04-21 00:43:20,20260421通话记录
  ,EGCC-maiwaheed,student (62980523),5978,00:00:00,用户忙,00:00:00,2313(Maqsam),966****3381,2026-04-21 18:22:53,,20260421通话记录
   ,EGCC-fatmamohamed,student (62369534),5978,"00:05:46

(To. 00:05:46)",双方接通,00:00:00,2310(Maqsam),966****6131,2026-04-21 01:14:39,2026-04-21 01:14:39,20260421通话记录
  ,51nadamuhammad,rana (62897764),5978,00:00:00,客户未接听,00:00:00,2245(Maqsam),966****3873,2026-04-21 01:12:43,,20260421通话记录
   ,EGCC-fatmamohamed,rakan (62893642),5978,"00:00:34

(To. 00:00:34)",双方接通,00:00:00,2310(Maqsam),966****6349,2026-04-21 21:12:45,2026-04-21 21:12:45,20260421通话记录
   ,51nadamuhammad,student (62977160),5978,"00:17:15

(To. 00:17:15)",双方接通,00:00:00,2245(Maqsam),966****9436,2026-04-21 18:13:23,2026-04-21 18:13:23,20260421通话记录
   ,EGCC-maiwaheed,student (62969756),5978,"00:09:09

(To. 00:09:09)",双方接通,00:00:00,2313(Maqsam),966****3649,2026-04-21 19:30:21,2026-04-21 19:30:21,20260421通话记录
   ,EGCC-tasneemmahmoud,student (62964049),5978,"00:00:42

(To. 00:00:42)",双方接通,00:00:00,2311(Maqsam),966****6520,2026-04-21 00:02:07,2026-04-21 00:02:07,20260421通话记录
  ,EGCC-tasneemmahmoud,student (62979787),5978,00:00:00,客户未接听,00:00:00,2311(Maqsam),966****9623,2026-04-21 17:52:15,,20260421通话记录
  ,EGCC-eman.amr,student (62979106),5977,00:00:00,呼叫失败,00:00:00,2289(Maqsam),966****0681,2026-04-21 21:35:55,,20260421通话记录
   ,EGCC-eman.amr,student (0),5977,"00:01:06

(To. 00:01:06)",双方接通,00:00:00,2289(Maqsam),966****7309,2026-04-21 19:06:35,2026-04-21 19:06:35,20260421通话记录
  ,51nadamuhammad,student (62979938),5978,00:00:00,客户未接听,00:00:00,2245(Maqsam),966****6343,2026-04-21 20:08:03,,20260421通话记录
   ,EGCC-maiwaheed,student (62969756),5978,"00:01:47

(To. 00:01:47)",双方接通,00:00:00,2313(Maqsam),966****3649,2026-04-21 22:57:32,2026-04-21 22:57:32,20260421通话记录
   ,EGCC-maiwaheed,student (62984217),5978,"00:00:10

(To. 00:00:10)",双方接通,00:00:00,2313(Maqsam),966****4366,2026-04-21 19:29:59,2026-04-21 19:29:59,20260421通话记录
   ,EGCC-maiwaheed,ahmed (62416752),5978,"00:08:54

(To. 00:08:54)",双方接通,00:00:00,2313(Maqsam),966****3424,2026-04-21 20:30:45,2026-04-21 20:30:45,20260421通话记录
   ,EGCC-fatmamohamed,student (62981198),5978,"00:05:18

(To. 00:05:18)",双方接通,00:00:00,2310(Maqsam),966****1231,2026-04-21 19:48:52,2026-04-21 19:48:52,20260421通话记录
  ,EGCC-tasneemmahmoud,student (62973007),5978,00:00:00,客户未接听,00:00:00,2311(Maqsam),966****6188,2026-04-21 18:22:53,,20260421通话记录
   ,51nadamuhammad,student (62977754),5978,"00:25:50

(To. 00:25:50)",双方接通,00:00:00,2245(Maqsam),966****0909,2026-04-21 21:38:53,2026-04-21 21:38:53,20260421通话记录
   ,EGCC-maiwaheed,student (62980541),5978,"00:00:30

(To. 00:00:30)",双方接通,00:00:00,2313(Maqsam),966****2753,2026-04-21 18:13:55,2026-04-21 18:13:55,20260421通话记录
   ,EGCC-maiwaheed,student (62983998),5978,"00:06:58

(To. 00:06:58)",双方接通,00:00:00,2313(Maqsam),966****7930,2026-04-21 19:06:37,2026-04-21 19:06:37,20260421通话记录
   ,51nadamuhammad,student (62981834),5978,"00:03:50

(To. 00:03:50)",双方接通,00:00:00,2245(Maqsam),966****3607,2026-04-21 23:47:06,2026-04-21 23:47:06,20260421通话记录
   ,51nadamuhammad,student (62980396),5978,"00:01:56

(To. 00:01:56)",双方接通,00:00:00,2245(Maqsam),966****3664,2026-04-21 19:43:29,2026-04-21 19:43:29,20260421通话记录
  ,51nadamuhammad,mozon (60852727),5978,00:00:00,in_progress,00:00:00,2245(Maqsam),966****1905,2026-04-21 02:59:56,,20260421通话记录
   ,EGCC-eman.amr,student (0),5977,"00:11:18

(To. 00:11:18)",双方接通,00:00:00,2289(Maqsam),966****2060,2026-04-21 22:19:34,2026-04-21 22:19:34,20260421通话记录
   ,EGCC-tasneemmahmoud,student (62980052),5978,"00:03:22

(To. 00:03:22)",双方接通,00:00:00,2311(Maqsam),966****2142,2026-04-21 21:23:56,2026-04-21 21:23:56,20260421通话记录
   ,EGCC-tasneemmahmoud,odihal (62404511),5978,"00:02:31

(To. 00:02:31)",双方接通,00:00:00,2311(Maqsam),966****3563,2026-04-21 01:12:25,2026-04-21 01:12:25,20260421通话记录
  ,EGCC-eman.amr,student (62963453),5977,00:00:00,in_progress,00:00:00,2289(Maqsam),966****1634,2026-04-21 19:42:03,,20260421通话记录
   ,EGCC-maiwaheed,student (62981013),5978,"00:09:18

(To. 00:09:18)",双方接通,00:00:00,2313(Maqsam),966****6877,2026-04-21 20:50:24,2026-04-21 20:50:24,20260421通话记录
   ,EGCC-fatmamohamed,student (62984086),5978,"00:05:46

(To. 00:05:46)",双方接通,00:00:00,2310(Maqsam),966****1071,2026-04-21 19:16:03,2026-04-21 19:16:03,20260421通话记录
  ,51habiba.hassan,farah (58490406),5977,00:00:00,用户忙,00:00:00,2244(Maqsam),966****2166,2026-04-21 00:52:40,,20260421通话记录
   ,EGCC-maiwaheed,student (62938450),5978,"00:00:21

(To. 00:00:21)",双方接通,00:00:00,2313(Maqsam),966****0806,2026-04-21 00:30:53,2026-04-21 00:30:53,20260421通话记录
  ,EGCC-eman.amr,student (62973587),5977,00:00:00,呼叫失败,00:00:00,2289(Maqsam),966****3635,2026-04-21 21:16:32,,20260421通话记录
   ,EGCC-tasneemmahmoud,Abdullah (62506706),5978,"00:05:42

(To. 00:05:42)",双方接通,00:00:00,2311(Maqsam),966****5392,2026-04-21 20:41:30,2026-04-21 20:41:30,20260421通话记录
   ,EGCC-fatmamohamed,student (62879495),5978,"00:02:56

(To. 00:02:56)",双方接通,00:00:00,2310(Maqsam),966****8221,2026-04-21 20:40:15,2026-04-21 20:40:15,20260421通话记录
   ,EGCC-maiwaheed,saber (62911050),5978,"00:06:12

(To. 00:06:12)",双方接通,00:00:00,2313(Maqsam),966****3109,2026-04-21 02:13:28,2026-04-21 02:13:28,20260421通话记录
   ,EGCC-eman.amr,student (62981587),5977,"00:00:21

(To. 00:00:21)",双方接通,00:00:00,2289(Maqsam),966****7137,2026-04-21 21:29:34,2026-04-21 21:29:34,20260421通话记录
   ,EGCC-fatmamohamed,student (62976847),5978,"00:00:36

(To. 00:00:36)",双方接通,00:00:00,2310(Maqsam),966****5780,2026-04-21 00:16:24,2026-04-21 00:16:24,20260421通话记录
   ,EGCC-fatmamohamed,student (62981103),5978,"00:12:01

(To. 00:12:01)",双方接通,00:00:00,2310(Maqsam),966****3719,2026-04-21 18:06:41,2026-04-21 18:06:41,20260421通话记录
   ,EGCC-fatmamohamed,student (62979667),5978,"00:07:18

(To. 00:07:18)",双方接通,00:00:00,2310(Maqsam),966****0663,2026-04-21 02:05:48,2026-04-21 02:05:48,20260421通话记录
   ,EGCC-maiwaheed,student (62938450),5978,"00:00:07

(To. 00:00:07)",双方接通,00:00:00,2313(Maqsam),966****0806,2026-04-21 00:41:14,2026-04-21 00:41:14,20260421通话记录
   ,EGCC-tasneemmahmoud,student (62971764),5978,"00:04:57

(To. 00:04:57)",双方接通,00:00:00,2311(Maqsam),966****6362,2026-04-21 02:14:33,2026-04-21 02:14:33,20260421通话记录
   ,51nadamuhammad,abdullallah (62808618),5978,"00:04:11

(To. 00:04:11)",双方接通,00:00:00,2245(Maqsam),966****1887,2026-04-22 00:56:01,2026-04-22 00:56:01,20260422通话记录
  ,EGCC-eman.amr,student (62980864),5977,00:00:00,in_progress,00:00:00,2289(Maqsam),966****2475,2026-04-22 21:19:17,,20260422通话记录
   ,EGCC-maiwaheed,student (0),5978,"00:01:03

(To. 00:01:03)",双方接通,00:00:00,2313(Maqsam),966****9060,2026-04-22 20:46:36,2026-04-22 20:46:36,20260422通话记录
  ,51habiba.hassan,student (62981587),5977,00:00:00,in_progress,00:00:00,2244(Maqsam),966****7137,2026-04-22 18:18:07,,20260422通话记录
   ,EGCC-tasneemmahmoud,student (62971764),5978,"00:00:49

(To. 00:00:49)",双方接通,00:00:00,2311(Maqsam),966****6362,2026-04-22 00:37:58,2026-04-22 00:37:58,20260422通话记录
   ,EGCC-maiwaheed,saber (62911050),5978,"00:01:53

(To. 00:01:53)",双方接通,00:00:00,2313(Maqsam),966****3109,2026-04-22 21:05:28,2026-04-22 21:05:28,20260422通话记录
   ,EGCC-eman.amr,student (62935607),5977,"00:02:15

(To. 00:02:15)",双方接通,00:00:00,2289(Maqsam),966****2536,2026-04-22 20:37:50,2026-04-22 20:37:50,20260422通话记录
   ,51habiba.hassan,student (62993447),5977,"00:08:39

(To. 00:08:39)",双方接通,00:00:00,2244(Maqsam),966****3547,2026-04-22 21:59:57,2026-04-22 21:59:57,20260422通话记录
  ,51habiba.hassan,student (62985120),5977,00:00:00,客户未接听,00:00:00,2244(Maqsam),966****0940,2026-04-22 21:04:39,,20260422通话记录
   ,51habiba.hassan,student (62981025),5977,"00:00:02

(To. 00:00:02)",双方接通,00:00:00,2244(Maqsam),966****1519,2026-04-22 20:02:17,2026-04-22 20:02:17,20260422通话记录
   ,EGCC-fatmamohamed,student (62865944),5978,"00:02:34

(To. 00:02:34)",双方接通,00:00:00,2310(Maqsam),966****9940,2026-04-22 18:52:07,2026-04-22 18:52:07,20260422通话记录
  ,EGCC-maiwaheed,student (62986235),5978,00:00:00,用户忙,00:00:00,2313(Maqsam),966****2276,2026-04-22 18:30:12,,20260422通话记录
   ,51habiba.hassan,student (62942303),5977,"00:00:37

(To. 00:00:37)",双方接通,00:00:00,2244(Maqsam),966****1419,2026-04-22 18:47:14,2026-04-22 18:47:14,20260422通话记录
  ,EGCC-eman.amr,student (62096193),5977,00:00:00,in_progress,00:00:00,2289(Maqsam),966****8753,2026-04-22 18:08:36,,20260422通话记录
   ,EGCC-fatmamohamed,student (61850540),5978,"00:07:19

(To. 00:07:19)",双方接通,00:00:00,2310(Maqsam),966****1238,2026-04-22 21:54:21,2026-04-22 21:54:21,20260422通话记录
  ,EGCC-eman.amr,student (62982206),5977,00:00:00,in_progress,00:00:00,2289(Maqsam),966****4704,2026-04-22 21:21:08,,20260422通话记录
  ,EGCC-eman.amr,student (62990145),5977,00:00:00,客户未接听,00:00:00,2289(Maqsam),966****8246,2026-04-22 22:21:28,,20260422通话记录
  ,EGCC-fatmamohamed,student (62988612),5978,00:00:00,in_progress,00:00:00,2310(Maqsam),966****4062,2026-04-22 19:19:53,,20260422通话记录
   ,EGCC-tasneemmahmoud,student (62971764),5978,"00:03:53

(To. 00:03:53)",双方接通,00:00:00,2311(Maqsam),966****6362,2026-04-22 02:11:41,2026-04-22 02:11:41,20260422通话记录
   ,EGCC-eman.amr,student (62058598),5977,"00:03:33

(To. 00:03:33)",双方接通,00:00:00,2289(Maqsam),966****5852,2026-04-22 22:06:38,2026-04-22 22:06:38,20260422通话记录
   ,EGCC-maiwaheed,student (58987546),5978,"00:00:30

(To. 00:00:30)",双方接通,00:00:00,2313(Maqsam),966****6625,2026-04-22 21:45:07,2026-04-22 21:45:07,20260422通话记录
   ,EGCC-tasneemmahmoud,student (62988316),5978,"00:00:32

(To. 00:00:32)",双方接通,00:00:00,2311(Maqsam),966****9672,2026-04-22 23:25:13,2026-04-22 23:25:13,20260422通话记录
  ,EGCC-fatmamohamed,student (62949212),5978,00:00:00,客户未接听,00:00:00,2310(Maqsam),966****1401,2026-04-22 23:51:34,,20260422通话记录
   ,51habiba.hassan,student (62979296),5977,"00:00:46

(To. 00:00:46)",双方接通,00:00:00,2244(Maqsam),966****5501,2026-04-22 19:09:15,2026-04-22 19:09:15,20260422通话记录
  ,EGCC-tasneemmahmoud,student (62956331),5978,00:00:00,用户忙,00:00:00,2311(Maqsam),966****5304,2026-04-22 21:47:51,,20260422通话记录
   ,51habiba.hassan,student (62972656),5977,"00:00:28

(To. 00:00:28)",双方接通,00:00:00,2244(Maqsam),966****6650,2026-04-22 18:33:48,2026-04-22 18:33:48,20260422通话记录
  ,EGCC-maiwaheed,student (62980148),5978,00:00:00,客户未接听,00:00:00,2313(Maqsam),966****9268,2026-04-22 01:06:36,,20260422通话记录
  ,51nadamuhammad,Noura (62516988),5978,00:00:00,客户未接听,00:00:00,2245(Maqsam),966****4732,2026-04-22 19:13:16,,20260422通话记录
   ,EGCC-eman.amr,student (62979599),5977,"00:08:58

(To. 00:08:58)",双方接通,00:00:00,2289(Maqsam),966****7905,2026-04-22 00:51:41,2026-04-22 00:51:41,20260422通话记录
  ,EGCC-eman.amr,student (62987713),5977,00:00:00,客户未接听,00:00:00,2289(Maqsam),966****1313,2026-04-22 21:16:01,,20260422通话记录
  ,51nadamuhammad,Rayan (62462330),5978,00:00:00,客户未接听,00:00:00,2245(Maqsam),966****8719,2026-04-22 19:52:18,,20260422通话记录
   ,51nadamuhammad,abdallah (62463101),5978,"00:00:02

(To. 00:00:02)",双方接通,00:00:00,2245(Maqsam),966****8908,2026-04-22 19:40:57,2026-04-22 19:40:57,20260422通话记录
   ,EGCC-eman.amr,student (62985225),5977,"00:08:46

(To. 00:08:46)",双方接通,00:00:00,2289(Maqsam),966****7536,2026-04-22 02:05:59,2026-04-22 02:05:59,20260422通话记录
  ,51nadamuhammad,RAFEF (62523069),5978,00:00:00,客户未接听,00:00:00,2245(Maqsam),966****0491,2026-04-22 22:15:46,,20260422通话记录
  ,EGCC-fatmamohamed,student (62865944),5978,00:00:00,用户忙,00:00:00,2310(Maqsam),966****9940,2026-04-22 18:51:58,,20260422通话记录
  ,EGCC-fatmamohamed,student (62990121),5978,00:00:00,客户未接听,00:00:00,2310(Maqsam),966****8301,2026-04-22 19:25:45,,20260422通话记录
  ,EGCC-maiwaheed,ahmed (62416752),5978,00:00:00,用户忙,00:00:00,2313(Maqsam),966****3424,2026-04-22 21:04:03,,20260422通话记录
  ,51nadamuhammad,wedad (62449161),5978,00:00:00,客户未接听,00:00:00,2245(Maqsam),966****2336,2026-04-22 20:09:38,,20260422通话记录
   ,EGCC-eman.amr,student (0),5977,"00:00:33

(To. 00:00:33)",双方接通,00:00:00,2289(Maqsam),966****2060,2026-04-22 20:29:58,2026-04-22 20:29:58,20260422通话记录
   ,EGCC-tasneemmahmoud,student (62971764),5978,"00:01:05

(To. 00:01:05)",双方接通,00:00:00,2311(Maqsam),966****6362,2026-04-22 00:49:50,2026-04-22 00:49:50,20260422通话记录
   ,51nadamuhammad,student (62804264),5978,"00:12:47

(To. 00:12:47)",双方接通,00:00:00,2245(Maqsam),966****6975,2026-04-22 22:44:20,2026-04-22 22:44:20,20260422通话记录
  ,EGCC-maiwaheed,student (62981198),5978,00:00:00,in_progress,00:00:00,2313(Maqsam),966****1231,2026-04-22 22:02:16,,20260422通话记录
  ,51habiba.hassan,student (62984317),5977,00:00:00,用户忙,00:00:00,2244(Maqsam),966****2004,2026-04-22 20:57:58,,20260422通话记录
  ,EGCC-tasneemmahmoud,student (62992089),5978,00:00:00,客户未接听,00:00:00,2311(Maqsam),966****4022,2026-04-22 18:20:21,,20260422通话记录
  ,51nadamuhammad,student (62352109),5978,00:00:00,客户未接听,00:00:00,2245(Maqsam),966****9318,2026-04-22 20:24:41,,20260422通话记录
  ,EGCC-maiwaheed,retaj (62539498),5978,00:00:00,in_progress,00:00:00,2313(Maqsam),966****6787,2026-04-22 20:44:43,,20260422通话记录
   ,EGCC-fatmamohamed,ANAS (62511608),5978,"00:00:21

(To. 00:00:21)",双方接通,00:00:00,2310(Maqsam),966****3719,2026-04-22 22:25:34,2026-04-22 22:25:34,20260422通话记录
   ,EGCC-fatmamohamed,student (62946072),5978,"00:13:32

(To. 00:13:32)",双方接通,00:00:00,2310(Maqsam),966****2144,2026-04-22 20:00:37,2026-04-22 20:00:37,20260422通话记录
   ,51habiba.hassan,student (62967845),5977,"00:01:03

(To. 00:01:03)",双方接通,00:00:00,2244(Maqsam),966****6872,2026-04-22 19:20:26,2026-04-22 19:20:26,20260422通话记录
   ,51habiba.hassan,student (62987542),5977,"00:07:25

(To. 00:07:25)",双方接通,00:00:00,2244(Maqsam),966****6600,2026-04-22 21:22:27,2026-04-22 21:22:27,20260422通话记录
   ,EGCC-fatmamohamed,student (62959478),5978,"00:15:41

(To. 00:15:41)",双方接通,00:00:00,2310(Maqsam),966****3498,2026-04-22 20:28:05,2026-04-22 20:28:05,20260422通话记录
   ,51nadamuhammad,student (0),5978,"00:04:27

(To. 00:04:27)",双方接通,00:00:00,2245(Maqsam),966****3731,2026-04-22 21:34:18,2026-04-22 21:34:18,20260422通话记录
   ,EGCC-fatmamohamed,student (62979667),5978,"00:04:07

(To. 00:04:07)",双方接通,00:00:00,2310(Maqsam),966****0663,2026-04-22 00:14:35,2026-04-22 00:14:35,20260422通话记录
   ,EGCC-fatmamohamed,student (62979112),5978,"00:01:53

(To. 00:01:53)",双方接通,00:00:00,2310(Maqsam),966****7920,2026-04-22 00:04:36,2026-04-22 00:04:36,20260422通话记录
  ,EGCC-maiwaheed,student (62470699),5978,00:00:00,prepped,00:00:00,2313(Maqsam),966****8256,2026-04-22 21:33:17,,20260422通话记录
   ,EGCC-maiwaheed,amal (62803877),5978,"00:02:13

(To. 00:02:13)",双方接通,00:00:00,2313(Maqsam),966****7547,2026-04-22 00:39:02,2026-04-22 00:39:02,20260422通话记录
  ,51nadamuhammad,student (59046293),5978,00:00:00,in_progress,00:00:00,2245(Maqsam),966****6924,2026-04-22 02:14:49,,20260422通话记录
  ,EGCC-maiwaheed,student (62989518),5978,00:00:00,in_progress,00:00:00,2313(Maqsam),966****9248,2026-04-22 22:49:15,,20260422通话记录
   ,51nadamuhammad,Abdallah (62529028),5978,"00:00:03

(To. 00:00:03)",双方接通,00:00:00,2245(Maqsam),966****6012,2026-04-22 18:51:27,2026-04-22 18:51:27,20260422通话记录
  ,51nadamuhammad,dlal (62391467),5978,00:00:00,in_progress,00:00:00,2245(Maqsam),966****7278,2026-04-22 20:11:46,,20260422通话记录
  ,EGCC-maiwaheed,student (62983998),5978,00:00:00,用户忙,00:00:00,2313(Maqsam),966****7930,2026-04-22 02:09:43,,20260422通话记录
  ,EGCC-fatmamohamed,ANAS (62511608),5978,00:00:00,用户忙,00:00:00,2310(Maqsam),966****3719,2026-04-22 22:24:48,,20260422通话记录
