user_id,sales_group,sales_name,ai_first_call_time,ai_last_call_time,ai_recording_call_count,ai_connected_recording_count,full_first_call_time,full_last_call_time,full_call_count,full_connected_call_count,class_start_ksa,class_status,post_trial_call_count,post_trial_connected_call_count,first_post_trial_call_bj,first_post_trial_call_ksa,first_post_trial_connected_call_bj,first_post_trial_connected_call_ksa,minutes_to_first_post_trial_call,minutes_to_first_post_trial_connected_call,processed_time,paid_amount,order_count,has_order,lead_quality,attendance_intent,purchase_intent,call_stage,main_objection,payment_blocker,ai_followup_issue,followup_issue,post_trial_followup_behavior,course_feedback,fraud_risk,next_action,manager_action,priority,summary_ar
63072016,001,EGCC-nadahassan,2026-05-02 19:29:07,2026-05-03 20:58:22,3,3,2026-05-02 19:17:49,2026-05-03 20:58:22,8,3,2026-05-03 15:30 ~ 16:00,end,0,0,,,,,,,,0.0,0.0,no,good_need,,,,,,not_followed_after_trial,not_followed_after_trial,not_followed_after_trial,price_issue,normal,close_payment,urgent_followup,P0,
63099285,002,51nadamuhammad,2026-05-05 17:45:44,2026-05-05 17:45:44,1,1,2026-05-05 17:35:31,2026-05-05 22:26:28,8,2,2026-05-05 17:00 ~ 17:30,end,0,0,,,,,,,,0.0,0.0,no,good_need,,,,,,not_followed_after_trial,not_followed_after_trial,not_followed_after_trial,price_issue,normal,close_payment,urgent_followup,P0,
63074875,001,EGCC-nadahassan,2026-05-05 18:54:08,2026-05-05 18:54:08,1,1,2026-05-02 18:46:40,2026-05-05 18:54:08,7,1,2026-05-06 19:30 ~ 20:00,end,0,0,,,,,,,,0.0,0.0,no,good_need,,,,,,not_followed_after_trial,not_followed_after_trial,not_followed_after_trial,price_issue,normal,close_payment,urgent_followup,P0,
63090460,002,51nadamuhammad,2026-05-04 18:57:34,2026-05-04 21:42:32,2,2,2026-05-04 17:52:37,2026-05-05 20:07:17,5,2,2026-05-05 19:30 ~ 20:00,end,0,0,,,,,,,,0.0,0.0,no,good_need,,,,,,not_followed_after_trial,not_followed_after_trial,not_followed_after_trial,price_issue,normal,close_payment,urgent_followup,P0,
63068514,002,EGCC-fatmamohamed,2026-05-02 20:08:17,2026-05-03 20:21:18,3,3,2026-05-02 20:08:17,2026-05-03 20:21:18,3,3,2026-05-03 15:30 ~ 16:00,end,0,0,,,,,,,,0.0,0.0,no,good_need,,,,,,not_followed_after_trial,not_followed_after_trial,not_followed_after_trial,price_issue,normal,close_payment,urgent_followup,P0,
63100711,002,EGCC-fatmamohamed,2026-05-05 18:28:27,2026-05-05 18:49:27,2,2,2026-05-05 18:28:27,2026-05-05 18:49:27,2,2,2026-05-05 14:00 ~ 14:30,end,0,0,,,,,,,,0.0,0.0,no,good_need,,,,,,not_followed_after_trial,not_followed_after_trial,not_followed_after_trial,price_issue,normal,close_payment,urgent_followup,P0,
63056306,002,51nadamuhammad,2026-05-01 00:27:02,2026-05-01 00:27:02,1,1,2026-05-01 00:27:02,2026-05-01 00:27:02,1,1,2026-04-30 19:00 ~ 19:30,end,0,0,,,,,,,,0.0,0.0,no,good_need,,,,,,not_followed_after_trial,not_followed_after_trial,not_followed_after_trial,price_issue,normal,close_payment,urgent_followup,P0,
63094763,002,EGCC-tasneemmahmoud,2026-05-05 00:50:23,2026-05-05 00:50:23,1,1,2026-05-05 00:50:23,2026-05-05 00:50:23,1,1,2026-05-05 20:30 ~ 21:00,end,0,0,,,,,,,,0.0,0.0,no,good_need,,,,,,not_followed_after_trial,not_followed_after_trial,not_followed_after_trial,price_issue,normal,close_payment,urgent_followup,P0,
0,002,EGCC-maiwaheed,2026-05-01 00:33:26,2026-05-05 22:52:19,48,48,2026-04-25 15:42:54,2026-05-05 22:52:19,249,111,,,0,0,,,,,,,,0.0,0.0,no,no_trial_or_not_aware,,,,,,no_issue,no_issue,not_applicable,unknown,normal,manual_review,check_lead_quality,P1,
61504669,002,51nadamuhammad,2026-05-01 00:55:59,2026-05-05 19:15:19,7,7,2026-04-30 23:50:13,2026-05-05 19:15:19,16,7,,,0,0,,,,,,,,0.0,0.0,no,no_trial_or_not_aware,,,,,,no_issue,no_issue,not_applicable,unknown,normal,manual_review,check_lead_quality,P1,
58313356,002,51nadamuhammad,2026-05-01 01:20:25,2026-05-02 20:14:06,3,3,2026-04-28 17:16:39,2026-05-02 20:14:06,13,9,,,0,0,,,,,,,,0.0,0.0,no,no_trial_or_not_aware,,,,,,no_issue,no_issue,not_applicable,unknown,normal,manual_review,check_lead_quality,P1,
63046589,002,51nadamuhammad,2026-05-01 01:06:43,2026-05-01 01:06:43,1,1,2026-04-28 21:42:16,2026-05-01 01:06:43,9,6,,,0,0,,,,,,,,0.0,0.0,no,no_trial_or_not_aware,,,,,,no_issue,no_issue,not_applicable,unknown,normal,manual_review,check_lead_quality,P1,
63050936,002,EGCC-maiwaheed,2026-05-02 18:29:43,2026-05-02 18:29:43,1,1,2026-04-29 19:48:08,2026-05-04 20:34:34,9,1,,,0,0,,,,,,,,0.0,0.0,no,no_trial_or_not_aware,,,,,,no_issue,no_issue,not_applicable,unknown,normal,manual_review,check_lead_quality,P1,
62180951,002,51nadamuhammad,2026-05-02 19:00:24,2026-05-03 20:41:15,2,2,2026-05-02 17:53:41,2026-05-05 20:29:56,8,2,,,0,0,,,,,,,,0.0,0.0,no,no_trial_or_not_aware,,,,,,no_issue,no_issue,not_applicable,unknown,normal,manual_review,check_lead_quality,P1,
62539498,002,EGCC-maiwaheed,2026-05-01 00:17:42,2026-05-04 21:00:41,2,2,2026-04-26 20:29:14,2026-05-04 21:00:41,8,2,,,0,0,,,,,,,,0.0,0.0,no,no_trial_or_not_aware,,,,,,no_issue,no_issue,not_applicable,unknown,normal,manual_review,check_lead_quality,P1,
62072143,002,EGCC-fatmamohamed,2026-05-04 01:09:17,2026-05-04 01:09:17,1,1,2026-04-30 19:18:53,2026-05-04 20:06:45,7,4,,,0,0,,,,,,,,0.0,0.0,no,no_trial_or_not_aware,,,,,,no_issue,no_issue,not_applicable,unknown,normal,manual_review,check_lead_quality,P1,
63029054,002,EGCC-maiwaheed,2026-05-01 00:40:48,2026-05-01 00:40:48,1,1,2026-04-27 01:09:47,2026-05-01 00:40:48,7,4,,,0,0,,,,,,,,0.0,0.0,no,no_trial_or_not_aware,,,,,,no_issue,no_issue,not_applicable,unknown,normal,manual_review,check_lead_quality,P1,
61469752,002,51nadamuhammad,2026-05-02 18:41:49,2026-05-04 20:12:22,3,3,2026-04-25 18:51:40,2026-05-04 20:12:22,6,4,,,0,0,,,,,,,,0.0,0.0,no,no_trial_or_not_aware,,,,,,no_issue,no_issue,not_applicable,unknown,normal,manual_review,check_lead_quality,P1,
61914351,002,51nadamuhammad,2026-05-02 18:34:05,2026-05-02 18:34:05,1,1,2026-04-30 21:25:09,2026-05-04 00:39:53,6,1,,,0,0,,,,,,,,0.0,0.0,no,no_trial_or_not_aware,,,,,,no_issue,no_issue,not_applicable,unknown,normal,manual_review,check_lead_quality,P1,
63030310,002,EGCC-tasneemmahmoud,2026-05-05 20:12:55,2026-05-05 20:12:55,1,1,2026-04-27 17:18:33,2026-05-05 20:12:55,6,3,,,0,0,,,,,,,,0.0,0.0,no,no_trial_or_not_aware,,,,,,no_issue,no_issue,not_applicable,unknown,normal,manual_review,check_lead_quality,P1,
63059498,002,EGCC-maiwaheed,2026-05-04 20:21:24,2026-05-04 20:21:24,1,1,2026-04-30 20:24:57,2026-05-04 20:21:43,6,2,,,0,0,,,,,,,,0.0,0.0,no,no_trial_or_not_aware,,,,,,no_issue,no_issue,not_applicable,unknown,normal,manual_review,check_lead_quality,P1,
59602801,002,51nadamuhammad,2026-05-03 23:07:20,2026-05-04 00:08:00,2,2,2026-05-03 23:07:20,2026-05-04 18:40:34,5,2,,,0,0,,,,,,,,0.0,0.0,no,no_trial_or_not_aware,,,,,,no_issue,no_issue,not_applicable,unknown,normal,manual_review,check_lead_quality,P1,
62108473,002,51nadamuhammad,2026-05-04 20:21:05,2026-05-04 20:58:48,2,2,2026-05-04 01:52:20,2026-05-04 21:31:33,5,2,,,0,0,,,,,,,,0.0,0.0,no,no_trial_or_not_aware,,,,,,no_issue,no_issue,not_applicable,unknown,normal,manual_review,check_lead_quality,P1,
62416752,002,EGCC-maiwaheed,2026-05-05 20:09:59,2026-05-05 20:10:31,2,2,2026-04-26 20:39:09,2026-05-05 20:10:31,5,3,,,0,0,,,,,,,,0.0,0.0,no,no_trial_or_not_aware,,,,,,no_issue,no_issue,not_applicable,unknown,normal,manual_review,check_lead_quality,P1,
63056389,001,EGCC-eman.amr,2026-05-02 17:34:51,2026-05-02 17:34:51,1,1,2026-04-30 18:14:52,2026-05-02 17:34:51,5,4,,,0,0,,,,,,,,0.0,0.0,no,no_trial_or_not_aware,,,,,,no_issue,no_issue,not_applicable,unknown,normal,manual_review,check_lead_quality,P1,
63078840,002,EGCC-maiwaheed,2026-05-04 20:10:42,2026-05-04 23:43:35,3,3,2026-05-04 20:10:42,2026-05-05 17:52:08,5,3,,,0,0,,,,,,,,0.0,0.0,no,no_trial_or_not_aware,,,,,,no_issue,no_issue,not_applicable,unknown,normal,manual_review,check_lead_quality,P1,
59692404,002,51nadamuhammad,2026-05-04 01:40:32,2026-05-04 01:40:32,1,1,2026-04-28 19:42:58,2026-05-04 01:40:32,4,2,,,0,0,,,,,,,,0.0,0.0,no,no_trial_or_not_aware,,,,,,no_issue,no_issue,not_applicable,unknown,normal,manual_review,check_lead_quality,P1,
61891212,002,EGCC-tasneemmahmoud,2026-05-02 19:37:54,2026-05-03 20:04:15,2,2,2026-05-02 19:37:54,2026-05-03 20:05:02,4,2,,,0,0,,,,,,,,0.0,0.0,no,no_trial_or_not_aware,,,,,,no_issue,no_issue,not_applicable,unknown,normal,manual_review,check_lead_quality,P1,
62283490,002,EGCC-maiwaheed,2026-05-05 20:22:05,2026-05-05 20:24:56,2,2,2026-04-27 23:21:29,2026-05-05 20:24:56,4,3,,,0,0,,,,,,,,0.0,0.0,no,no_trial_or_not_aware,,,,,,no_issue,no_issue,not_applicable,unknown,normal,manual_review,check_lead_quality,P1,
62881630,002,51nadamuhammad,2026-05-03 21:49:50,2026-05-03 21:49:50,1,1,2026-04-25 16:57:40,2026-05-03 21:49:50,4,2,,,0,0,,,,,,,,0.0,0.0,no,no_trial_or_not_aware,,,,,,no_issue,no_issue,not_applicable,unknown,normal,manual_review,check_lead_quality,P1,
61859893,002,EGCC-tasneemmahmoud,2026-05-02 20:08:46,2026-05-02 20:08:46,1,1,2026-05-02 20:06:21,2026-05-02 20:08:46,3,1,,,0,0,,,,,,,,0.0,0.0,no,no_trial_or_not_aware,,,,,,no_issue,no_issue,not_applicable,unknown,normal,manual_review,check_lead_quality,P1,
62284941,002,EGCC-maiwaheed,2026-05-05 20:16:23,2026-05-05 20:16:23,1,1,2026-04-27 20:35:54,2026-05-05 20:16:23,3,1,,,0,0,,,,,,,,0.0,0.0,no,no_trial_or_not_aware,,,,,,no_issue,no_issue,not_applicable,unknown,normal,manual_review,check_lead_quality,P1,
62338760,002,EGCC-maiwaheed,2026-05-01 00:33:10,2026-05-01 01:17:01,3,3,2026-05-01 00:33:10,2026-05-01 01:17:01,3,3,,,0,0,,,,,,,,0.0,0.0,no,no_trial_or_not_aware,,,,,,no_issue,no_issue,not_applicable,unknown,normal,manual_review,check_lead_quality,P1,
62955658,002,51nadamuhammad,2026-05-01 00:55:32,2026-05-01 00:55:32,1,1,2026-05-01 00:55:32,2026-05-01 01:04:27,3,1,,,0,0,,,,,,,,0.0,0.0,no,no_trial_or_not_aware,,,,,,no_issue,no_issue,not_applicable,unknown,normal,manual_review,check_lead_quality,P1,
58321605,002,EGCC-tasneemmahmoud,2026-05-02 20:36:19,2026-05-02 20:36:19,1,1,2026-05-02 20:34:55,2026-05-02 20:36:19,2,1,,,0,0,,,,,,,,0.0,0.0,no,no_trial_or_not_aware,,,,,,no_issue,no_issue,not_applicable,unknown,normal,manual_review,check_lead_quality,P1,
58987186,002,EGCC-fatmamohamed,2026-05-03 21:00:01,2026-05-03 21:00:01,1,1,2026-05-03 21:00:01,2026-05-03 23:33:33,2,1,,,0,0,,,,,,,,0.0,0.0,no,no_trial_or_not_aware,,,,,,no_issue,no_issue,not_applicable,unknown,normal,manual_review,check_lead_quality,P1,
61519863,002,EGCC-tasneemmahmoud,2026-05-03 20:19:52,2026-05-03 21:07:15,2,2,2026-05-03 20:19:52,2026-05-03 21:07:15,2,2,,,0,0,,,,,,,,0.0,0.0,no,no_trial_or_not_aware,,,,,,no_issue,no_issue,not_applicable,unknown,normal,manual_review,check_lead_quality,P1,
61850055,002,EGCC-tasneemmahmoud,2026-05-01 00:56:12,2026-05-01 00:56:12,1,1,2026-05-01 00:55:58,2026-05-01 00:56:12,2,1,,,0,0,,,,,,,,0.0,0.0,no,no_trial_or_not_aware,,,,,,no_issue,no_issue,not_applicable,unknown,normal,manual_review,check_lead_quality,P1,
62322303,002,EGCC-fatmamohamed,2026-05-03 20:22:17,2026-05-03 20:22:17,1,1,2026-05-02 20:17:01,2026-05-03 20:22:17,2,1,,,0,0,,,,,,,,0.0,0.0,no,no_trial_or_not_aware,,,,,,no_issue,no_issue,not_applicable,unknown,normal,manual_review,check_lead_quality,P1,
62453293,002,EGCC-tasneemmahmoud,2026-05-04 21:15:33,2026-05-05 01:35:01,2,2,2026-05-04 21:15:33,2026-05-05 01:35:01,2,2,,,0,0,,,,,,,,0.0,0.0,no,no_trial_or_not_aware,,,,,,no_issue,no_issue,not_applicable,unknown,normal,manual_review,check_lead_quality,P1,
62470538,002,EGCC-tasneemmahmoud,2026-05-01 00:40:23,2026-05-01 00:40:23,1,1,2026-05-01 00:40:23,2026-05-01 02:06:48,2,1,,,0,0,,,,,,,,0.0,0.0,no,no_trial_or_not_aware,,,,,,no_issue,no_issue,not_applicable,unknown,normal,manual_review,check_lead_quality,P1,
62777896,002,EGCC-fatmamohamed,2026-05-05 21:02:33,2026-05-05 21:02:33,1,1,2026-05-05 21:02:21,2026-05-05 21:02:33,2,1,,,0,0,,,,,,,,0.0,0.0,no,no_trial_or_not_aware,,,,,,no_issue,no_issue,not_applicable,unknown,normal,manual_review,check_lead_quality,P1,
63078868,002,51nadamuhammad,2026-05-02 19:49:10,2026-05-02 20:01:59,2,2,2026-05-02 19:49:10,2026-05-02 20:01:59,2,2,,,0,0,,,,,,,,0.0,0.0,no,no_trial_or_not_aware,,,,,,no_issue,no_issue,not_applicable,unknown,normal,manual_review,check_lead_quality,P1,
63101454,002,51nadamuhammad,2026-05-05 20:50:26,2026-05-05 21:23:57,2,2,2026-05-05 20:50:26,2026-05-05 21:23:57,2,2,,,0,0,,,,,,,,0.0,0.0,no,no_trial_or_not_aware,,,,,,no_issue,no_issue,not_applicable,unknown,normal,manual_review,check_lead_quality,P1,
59091497,002,EGCC-maiwaheed,2026-05-05 19:10:52,2026-05-05 19:10:52,1,1,2026-05-05 19:10:52,2026-05-05 19:10:52,1,1,,,0,0,,,,,,,,0.0,0.0,no,no_trial_or_not_aware,,,,,,no_issue,no_issue,not_applicable,unknown,normal,manual_review,check_lead_quality,P1,
60183897,002,51nadamuhammad,2026-05-04 01:57:30,2026-05-04 01:57:30,1,1,2026-05-04 01:57:30,2026-05-04 01:57:30,1,1,,,0,0,,,,,,,,0.0,0.0,no,no_trial_or_not_aware,,,,,,no_issue,no_issue,not_applicable,unknown,normal,manual_review,check_lead_quality,P1,
60502925,002,EGCC-maiwaheed,2026-05-05 20:59:06,2026-05-05 20:59:06,1,1,2026-05-05 20:59:06,2026-05-05 20:59:06,1,1,,,0,0,,,,,,,,0.0,0.0,no,no_trial_or_not_aware,,,,,,no_issue,no_issue,not_applicable,unknown,normal,manual_review,check_lead_quality,P1,
61845159,002,EGCC-tasneemmahmoud,2026-05-04 01:56:59,2026-05-04 01:56:59,1,1,2026-05-04 01:56:59,2026-05-04 01:56:59,1,1,,,0,0,,,,,,,,0.0,0.0,no,no_trial_or_not_aware,,,,,,no_issue,no_issue,not_applicable,unknown,normal,manual_review,check_lead_quality,P1,
62174096,002,EGCC-maiwaheed,2026-05-01 00:01:16,2026-05-01 00:01:16,1,1,2026-05-01 00:01:16,2026-05-01 00:01:16,1,1,,,0,0,,,,,,,,0.0,0.0,no,no_trial_or_not_aware,,,,,,no_issue,no_issue,not_applicable,unknown,normal,renewal_followup,check_lead_quality,P1,
62283399,002,EGCC-maiwaheed,2026-05-04 00:59:33,2026-05-04 00:59:33,1,1,2026-05-04 00:59:33,2026-05-04 00:59:33,1,1,,,0,0,,,,,,,,0.0,0.0,no,no_trial_or_not_aware,,,,,,no_issue,no_issue,not_applicable,unknown,normal,renewal_followup,check_lead_quality,P1,
62865944,002,EGCC-fatmamohamed,2026-05-05 01:18:47,2026-05-05 01:18:47,1,1,2026-05-05 01:18:47,2026-05-05 01:18:47,1,1,,,0,0,,,,,,,,0.0,0.0,no,no_trial_or_not_aware,,,,,,no_issue,no_issue,not_applicable,unknown,normal,manual_review,check_lead_quality,P1,
62925080,002,EGCC-fatmamohamed,2026-05-04 23:45:31,2026-05-04 23:45:31,1,1,2026-05-04 23:45:31,2026-05-04 23:45:31,1,1,,,0,0,,,,,,,,0.0,0.0,no,no_trial_or_not_aware,,,,,,no_issue,no_issue,not_applicable,unknown,normal,manual_review,check_lead_quality,P1,
62985225,001,EGCC-eman.amr,2026-05-04 00:14:46,2026-05-04 00:14:46,1,1,2026-05-04 00:14:46,2026-05-04 00:14:46,1,1,,,0,0,,,,,,,,0.0,0.0,no,no_trial_or_not_aware,,,,,,no_issue,no_issue,not_applicable,unknown,normal,manual_review,check_lead_quality,P1,
63022985,002,EGCC-fatmamohamed,2026-05-04 20:55:35,2026-05-04 20:55:35,1,1,2026-05-04 20:55:35,2026-05-04 20:55:35,1,1,,,0,0,,,,,,,,0.0,0.0,no,no_trial_or_not_aware,,,,,,no_issue,no_issue,not_applicable,unknown,normal,manual_review,check_lead_quality,P1,
63028472,001,EGCC-nadahassan,2026-05-02 20:11:45,2026-05-02 20:11:45,1,1,2026-05-02 20:11:45,2026-05-02 20:11:45,1,1,,,0,0,,,,,,,,0.0,0.0,no,no_trial_or_not_aware,,,,,,no_issue,no_issue,not_applicable,unknown,normal,manual_review,check_lead_quality,P1,
63067876,001,EGCC-nadahassan,2026-05-03 21:29:21,2026-05-03 21:29:21,1,1,2026-05-03 21:29:21,2026-05-03 21:29:21,1,1,,,0,0,,,,,,,,0.0,0.0,no,no_trial_or_not_aware,,,,,,no_issue,no_issue,not_applicable,unknown,normal,manual_review,check_lead_quality,P1,
61513047,002,EGCC-maiwaheed,2026-05-05 00:30:29,2026-05-05 01:07:54,2,2,2026-04-30 23:29:16,2026-05-05 17:26:11,14,3,2026-05-04 19:00 ~ 19:30,end,6,2,2026-05-05 00:30:29,2026-05-04 19:30:29,2026-05-05 00:30:29,2026-05-04 19:30:29,0.5,0.5,2026-05-05 15:13:48,600.0,1.0,yes,weak_need,,,,,,no_issue,followed_after_trial_connected,followed_after_trial_connected,schedule_issue,normal,renewal_followup,ordered_review,P1,
63081772,001,EGCC-eman.amr,2026-05-03 23:32:53,2026-05-05 17:07:08,11,11,2026-05-03 23:32:53,2026-05-05 17:07:08,11,11,2026-05-04 13:00 ~ 13:30,s_absent,7,7,2026-05-04 20:13:07,2026-05-04 15:13:07,2026-05-04 20:13:07,2026-05-04 15:13:07,103.1,103.1,2026-05-05 15:20:54,600.0,1.0,yes,weak_need,,,,,,no_issue,no_issue,not_applicable,low_interest,normal,renewal_followup,ordered_review,P1,
62517281,001,EGCC-nadahassan,2026-05-02 17:58:20,2026-05-05 17:47:42,5,5,2026-05-02 17:57:00,2026-05-05 17:47:42,7,5,,,0,0,,,,,,,2026-05-03 18:24:14,840.0,1.0,yes,good_need,,,,,,no_issue,no_issue,not_applicable,unknown,normal,renewal_followup,ordered_review,P1,
63054610,002,EGCC-fatmamohamed,2026-05-04 20:15:01,2026-05-05 01:32:47,3,3,2026-04-29 17:07:06,2026-05-05 18:16:58,11,6,2026-05-04 20:30 ~ 21:00,end,1,0,2026-05-05 18:16:58,2026-05-05 13:16:58,,,977.0,,,0.0,0.0,no,good_need,,,,,,not_followed_after_trial,followed_after_trial_not_connected,followed_after_trial_not_connected,price_issue,normal,close_payment,retry_followup,P1,
63086292,002,51nadamuhammad,2026-05-03 21:07:32,2026-05-03 22:56:24,2,2,2026-05-03 21:03:43,2026-05-04 01:06:00,5,2,2026-05-03 17:30 ~ 18:00,end,2,0,2026-05-03 23:12:46,2026-05-03 18:12:46,,,12.8,,,0.0,0.0,no,good_need,,,,,,not_followed_after_trial,followed_after_trial_not_connected,followed_after_trial_not_connected,price_issue,normal,close_payment,retry_followup,P1,
63028943,002,51nadamuhammad,2026-05-02 18:55:16,2026-05-02 18:55:16,1,1,2026-04-27 01:20:08,2026-05-02 18:55:16,20,9,2026-04-27 14:00 ~ 14:30,end,17,7,2026-04-27 19:49:46,2026-04-27 14:49:46,2026-04-27 19:50:33,2026-04-27 14:50:33,19.8,20.6,,0.0,0.0,no,good_need,,,,,,not_followed_after_trial,followed_after_trial_connected,followed_after_trial_connected,price_issue,normal,close_payment,review_course_issue,P1,
63029664,002,EGCC-maiwaheed,2026-05-02 20:22:14,2026-05-04 17:32:37,3,3,2026-04-27 17:08:13,2026-05-05 21:05:21,17,6,2026-05-03 20:30 ~ 21:00,cancel,6,1,2026-05-04 17:31:26,2026-05-04 12:31:26,2026-05-04 17:32:37,2026-05-04 12:32:37,931.4,932.6,,0.0,0.0,no,good_need,,,,,,not_followed_after_trial,no_post_trial_followup_required,not_applicable,price_issue,normal,close_payment,review_course_issue,P1,
63067657,002,EGCC-fatmamohamed,2026-05-02 20:23:43,2026-05-03 20:40:51,5,5,2026-05-02 20:23:43,2026-05-05 21:23:38,17,5,2026-05-03 14:30 ~ 15:00,cancel,12,2,2026-05-03 20:13:48,2026-05-03 15:13:48,2026-05-03 20:13:48,2026-05-03 15:13:48,13.8,13.8,,0.0,0.0,no,weak_need,,,,,,no_issue,no_issue,not_applicable,schedule_issue,normal,rebook_trial,review_course_issue,P1,
63017073,002,EGCC-tasneemmahmoud,2026-05-01 00:13:54,2026-05-01 00:13:54,1,1,2026-04-26 17:08:19,2026-05-03 20:40:53,16,5,2026-04-26 16:30 ~ 17:00,end,10,3,2026-04-27 00:18:00,2026-04-26 19:18:00,2026-04-27 00:18:00,2026-04-26 19:18:00,138.0,138.0,,0.0,0.0,no,good_need,,,,,,not_followed_after_trial,followed_after_trial_connected,followed_after_trial_connected,price_issue,normal,close_payment,review_course_issue,P1,
63050750,002,EGCC-maiwaheed,2026-05-02 18:57:58,2026-05-04 23:01:45,3,3,2026-04-29 18:05:59,2026-05-05 20:39:11,16,4,2026-05-04 17:00 ~ 17:30,end,8,1,2026-05-04 22:34:27,2026-05-04 17:34:27,2026-05-04 23:01:45,2026-05-04 18:01:45,4.5,31.8,,0.0,0.0,no,weak_need,,,,,,no_issue,followed_after_trial_connected,followed_after_trial_connected,schedule_issue,normal,rebook_trial,review_course_issue,P1,
63026872,002,EGCC-maiwaheed,2026-05-01 00:29:59,2026-05-01 00:29:59,1,1,2026-04-26 20:58:24,2026-05-01 00:29:59,13,9,2026-04-27 16:00 ~ 16:30,end,6,3,2026-04-27 21:32:42,2026-04-27 16:32:42,2026-04-27 21:32:42,2026-04-27 16:32:42,2.7,2.7,,0.0,0.0,no,weak_need,,,,,,no_issue,followed_after_trial_connected,followed_after_trial_connected,low_interest,normal,rebook_trial,review_course_issue,P1,
63081910,002,EGCC-fatmamohamed,2026-05-04 20:09:14,2026-05-05 17:41:06,2,2,2026-05-03 19:32:57,2026-05-05 17:41:41,13,2,2026-05-04 20:00 ~ 20:30,cancel,5,1,2026-05-05 17:36:13,2026-05-05 12:36:13,2026-05-05 17:41:06,2026-05-05 12:41:06,966.2,971.1,,0.0,0.0,no,weak_need,,,,,,no_issue,no_issue,not_applicable,schedule_issue,normal,rebook_trial,review_course_issue,P1,
63010693,002,EGCC-tasneemmahmoud,2026-05-03 20:47:42,2026-05-03 20:47:42,1,1,2026-04-25 16:09:37,2026-05-03 20:47:42,12,6,2026-04-26 17:00 ~ 17:30,end,4,2,2026-04-26 23:02:52,2026-04-26 18:02:52,2026-04-26 23:02:52,2026-04-26 18:02:52,32.9,32.9,,0.0,0.0,no,good_need,,,,,,not_followed_after_trial,followed_after_trial_connected,followed_after_trial_connected,price_issue,normal,close_payment,review_course_issue,P1,
63014247,002,51nadamuhammad,2026-05-01 02:19:01,2026-05-02 20:42:33,2,2,2026-04-25 19:11:36,2026-05-02 20:42:33,12,5,2026-04-26 19:00 ~ 19:30,s_absent,8,4,2026-04-28 16:45:46,2026-04-28 11:45:46,2026-04-28 16:45:46,2026-04-28 11:45:46,2415.8,2415.8,,0.0,0.0,no,weak_need,,,,,,no_issue,no_issue,not_applicable,low_interest,normal,rebook_trial,review_course_issue,P1,
63058333,002,51nadamuhammad,2026-05-04 22:45:42,2026-05-05 01:13:00,3,3,2026-04-30 17:49:23,2026-05-05 18:40:53,12,3,2026-05-04 17:30 ~ 18:00,s_absent,3,2,2026-05-05 00:37:04,2026-05-04 19:37:04,2026-05-05 00:37:04,2026-05-04 19:37:04,97.1,97.1,,0.0,0.0,no,good_need,,,,,,not_followed_after_trial,no_post_trial_followup_required,not_applicable,price_issue,normal,close_payment,review_course_issue,P1,
63098252,001,EGCC-eman.amr,2026-05-05 18:39:45,2026-05-05 19:34:57,2,2,2026-05-05 18:39:25,2026-05-05 20:24:01,12,2,2026-05-05 17:00 ~ 17:30,cancel,0,0,,,,,,,,0.0,0.0,no,weak_need,,,,,,no_issue,no_issue,not_applicable,schedule_issue,normal,rebook_trial,review_course_issue,P1,
63075088,002,EGCC-maiwaheed,2026-05-03 19:03:34,2026-05-03 19:03:34,1,1,2026-05-02 17:22:47,2026-05-03 23:54:00,11,1,2026-05-03 19:00 ~ 19:30,s_absent,0,0,,,,,,,,0.0,0.0,no,weak_need,,,,,,no_issue,no_issue,not_applicable,schedule_issue,normal,rebook_trial,review_course_issue,P1,
63076670,001,EGCC-eman.amr,2026-05-02 19:26:22,2026-05-02 19:26:22,1,1,2026-05-02 19:24:46,2026-05-04 23:22:10,11,1,2026-05-03 18:00 ~ 18:30,cancel,4,0,2026-05-03 23:47:10,2026-05-03 18:47:10,,,17.2,,,0.0,0.0,no,weak_need,,,,,,no_issue,no_issue,not_applicable,schedule_issue,normal,rebook_trial,review_course_issue,P1,
63071611,002,EGCC-fatmamohamed,2026-05-04 18:06:40,2026-05-04 18:06:40,1,1,2026-05-02 20:20:27,2026-05-05 17:43:12,10,1,2026-05-04 20:00 ~ 20:30,s_absent,1,0,2026-05-05 17:43:12,2026-05-05 12:43:12,,,973.2,,,0.0,0.0,no,weak_need,,,,,,no_issue,no_issue,not_applicable,schedule_issue,normal,rebook_trial,review_course_issue,P1,
63072901,001,EGCC-eman.amr,2026-05-02 19:59:18,2026-05-03 17:52:42,2,2,2026-05-02 18:05:56,2026-05-04 23:24:37,10,2,2026-05-03 16:30 ~ 17:00,cancel,2,0,2026-05-03 23:41:43,2026-05-03 18:41:43,,,101.7,,,0.0,0.0,no,weak_need,,,,,,no_issue,no_issue,not_applicable,schedule_issue,normal,rebook_trial,review_course_issue,P1,
63082004,001,EGCC-nadahassan,2026-05-04 17:38:04,2026-05-04 19:15:05,3,3,2026-05-03 21:10:52,2026-05-05 18:35:04,10,3,2026-05-04 14:30 ~ 15:00,cancel,2,0,2026-05-05 18:33:56,2026-05-05 13:33:56,,,1353.9,,,0.0,0.0,no,weak_need,,,,,,no_issue,no_issue,not_applicable,schedule_issue,normal,rebook_trial,review_course_issue,P1,
63088133,001,EGCC-eman.amr,2026-05-04 01:31:58,2026-05-04 01:31:58,1,1,2026-05-04 01:22:57,2026-05-05 17:31:07,10,1,2026-05-05 12:30 ~ 13:00,cancel,0,0,,,,,,,,0.0,0.0,no,weak_need,,,,,,no_issue,no_issue,not_applicable,schedule_issue,normal,rebook_trial,review_course_issue,P1,
61702293,002,EGCC-fatmamohamed,2026-05-02 18:47:12,2026-05-02 19:38:48,2,2,2026-04-30 19:45:59,2026-05-04 21:03:20,9,6,2026-05-02 14:00 ~ 14:30,end,3,1,2026-05-02 19:38:48,2026-05-02 14:38:48,2026-05-02 19:38:48,2026-05-02 14:38:48,8.8,8.8,,0.0,0.0,no,good_need,,,,,,not_followed_after_trial,followed_after_trial_connected,followed_after_trial_connected,price_issue,normal,close_payment,review_course_issue,P1,
63081982,002,EGCC-tasneemmahmoud,2026-05-03 17:50:21,2026-05-04 20:25:43,5,5,2026-05-03 17:50:21,2026-05-05 19:07:07,9,5,2026-05-04 14:30 ~ 15:00,end,4,2,2026-05-04 20:04:00,2026-05-04 15:04:00,2026-05-04 20:04:00,2026-05-04 15:04:00,4.0,4.0,,0.0,0.0,no,good_need,,,,,,not_followed_after_trial,followed_after_trial_connected,followed_after_trial_connected,price_issue,normal,close_payment,review_course_issue,P1,
63070422,002,EGCC-tasneemmahmoud,2026-05-02 18:48:27,2026-05-04 18:15:41,6,6,2026-05-02 18:48:00,2026-05-04 18:15:41,8,6,2026-05-03 20:00 ~ 20:30,end,2,2,2026-05-04 01:53:52,2026-05-03 20:53:52,2026-05-04 01:53:52,2026-05-03 20:53:52,23.9,23.9,,0.0,0.0,no,good_need,,,,,,not_followed_after_trial,followed_after_trial_connected,followed_after_trial_connected,price_issue,normal,close_payment,review_course_issue,P1,
63073854,002,EGCC-maiwaheed,2026-05-02 17:32:35,2026-05-03 21:35:06,8,8,2026-05-02 17:32:35,2026-05-03 21:35:06,8,8,2026-05-03 16:00 ~ 16:30,end,2,2,2026-05-03 21:30:13,2026-05-03 16:30:13,2026-05-03 21:30:13,2026-05-03 16:30:13,0.2,0.2,,0.0,0.0,no,good_need,,,,,,not_followed_after_trial,followed_after_trial_connected,followed_after_trial_connected,price_issue,normal,close_payment,review_course_issue,P1,
63080254,002,51nadamuhammad,2026-05-03 17:42:00,2026-05-03 19:31:36,5,5,2026-05-03 17:42:00,2026-05-04 01:48:54,8,5,2026-05-03 18:30 ~ 19:00,cancel,2,0,2026-05-04 01:48:41,2026-05-03 20:48:41,,,108.7,,,0.0,0.0,no,weak_need,,,,,,no_issue,no_issue,not_applicable,schedule_issue,normal,rebook_trial,review_course_issue,P1,
63084966,002,EGCC-fatmamohamed,2026-05-03 18:25:44,2026-05-03 23:05:32,3,3,2026-05-03 18:25:24,2026-05-03 23:05:32,8,3,2026-05-03 14:30 ~ 15:00,end,3,1,2026-05-03 20:04:09,2026-05-03 15:04:09,2026-05-03 23:05:32,2026-05-03 18:05:32,4.2,185.5,,0.0,0.0,no,good_need,,,,,,not_followed_after_trial,followed_after_trial_connected,followed_after_trial_connected,price_issue,normal,close_payment,review_course_issue,P1,
63086973,002,EGCC-tasneemmahmoud,2026-05-04 00:19:37,2026-05-04 00:19:37,1,1,2026-05-04 00:18:09,2026-05-04 20:54:22,8,1,2026-05-04 18:30 ~ 19:00,cancel,0,0,,,,,,,,0.0,0.0,no,weak_need,,,,,,no_issue,no_issue,not_applicable,schedule_issue,normal,rebook_trial,review_course_issue,P1,
63096329,002,EGCC-tasneemmahmoud,2026-05-05 17:31:59,2026-05-05 21:26:55,8,8,2026-05-05 17:31:59,2026-05-05 21:26:55,8,8,2026-05-05 20:30 ~ 21:00,cancel,0,0,,,,,,,,0.0,0.0,no,weak_need,,,,,,no_issue,no_issue,not_applicable,schedule_issue,normal,rebook_trial,review_course_issue,P1,
61694375,002,EGCC-tasneemmahmoud,2026-05-03 18:43:30,2026-05-04 01:10:26,5,5,2026-05-03 18:43:30,2026-05-04 01:10:26,7,5,2026-05-03 19:00 ~ 19:30,end,1,1,2026-05-04 01:10:26,2026-05-03 20:10:26,2026-05-04 01:10:26,2026-05-03 20:10:26,40.4,40.4,,0.0,0.0,no,good_need,,,,,,not_followed_after_trial,followed_after_trial_connected,followed_after_trial_connected,price_issue,normal,close_payment,review_course_issue,P1,
63068131,002,EGCC-maiwaheed,2026-05-02 20:04:06,2026-05-04 00:48:23,4,4,2026-05-02 18:22:28,2026-05-04 00:48:23,7,4,2026-05-03 16:00 ~ 16:30,end,2,1,2026-05-04 00:40:53,2026-05-03 19:40:53,2026-05-04 00:48:23,2026-05-03 19:48:23,190.9,198.4,,0.0,0.0,no,weak_need,,,,,,no_issue,followed_after_trial_connected,followed_after_trial_connected,schedule_issue,normal,rebook_trial,review_course_issue,P1,
63071980,002,EGCC-maiwaheed,2026-05-02 17:34:01,2026-05-04 20:24:02,7,7,2026-05-02 17:34:01,2026-05-04 20:24:02,7,7,2026-05-03 16:00 ~ 16:30,cancel,5,5,2026-05-04 01:20:26,2026-05-03 20:20:26,2026-05-04 01:20:26,2026-05-03 20:20:26,230.4,230.4,,0.0,0.0,no,weak_need,,,,,,no_issue,no_issue,not_applicable,schedule_issue,normal,rebook_trial,review_course_issue,P1,
63073597,001,EGCC-nadahassan,2026-05-04 00:52:23,2026-05-04 00:52:23,1,1,2026-05-02 19:09:24,2026-05-04 19:02:48,7,1,2026-05-03 16:00 ~ 16:30,cancel,3,1,2026-05-04 00:52:23,2026-05-03 19:52:23,2026-05-04 00:52:23,2026-05-03 19:52:23,202.4,202.4,,0.0,0.0,no,weak_need,,,,,,no_issue,no_issue,not_applicable,schedule_issue,normal,rebook_trial,review_course_issue,P1,
63078749,002,EGCC-tasneemmahmoud,2026-05-03 18:56:18,2026-05-04 19:37:12,4,4,2026-05-03 17:44:50,2026-05-04 20:03:46,7,4,2026-05-04 13:30 ~ 14:00,end,2,1,2026-05-04 19:37:12,2026-05-04 14:37:12,2026-05-04 19:37:12,2026-05-04 14:37:12,37.2,37.2,,0.0,0.0,no,good_need,,,,,,not_followed_after_trial,followed_after_trial_connected,followed_after_trial_connected,price_issue,normal,close_payment,review_course_issue,P1,
63079645,001,EGCC-eman.amr,2026-05-03 20:43:50,2026-05-03 20:43:50,1,1,2026-05-03 18:01:55,2026-05-03 23:44:40,7,1,2026-05-03 20:30 ~ 21:00,cancel,0,0,,,,,,,,0.0,0.0,no,weak_need,,,,,,no_issue,no_issue,not_applicable,schedule_issue,normal,rebook_trial,review_course_issue,P1,
63081671,002,EGCC-maiwaheed,2026-05-03 17:33:13,2026-05-03 17:47:18,3,3,2026-05-03 17:33:13,2026-05-05 20:31:51,7,3,2026-05-04 15:00 ~ 15:30,cancel,1,0,2026-05-05 20:31:51,2026-05-05 15:31:51,,,1441.8,,,0.0,0.0,no,weak_need,,,,,,no_issue,no_issue,not_applicable,low_interest,normal,rebook_trial,review_course_issue,P1,
63083261,002,EGCC-tasneemmahmoud,2026-05-03 17:27:29,2026-05-05 00:33:31,4,4,2026-05-03 17:12:42,2026-05-05 00:33:31,7,4,2026-05-03 19:00 ~ 19:30,end,4,2,2026-05-04 00:57:33,2026-05-03 19:57:33,2026-05-04 00:57:33,2026-05-03 19:57:33,27.6,27.6,,0.0,0.0,no,good_need,,,,,,not_followed_after_trial,followed_after_trial_connected,followed_after_trial_connected,price_issue,normal,close_payment,review_course_issue,P1,
63095939,001,EGCC-nadahassan,2026-05-05 01:17:44,2026-05-05 19:53:02,2,2,2026-05-05 01:17:44,2026-05-05 19:55:00,7,2,2026-05-05 15:00 ~ 15:30,s_absent,0,0,,,,,,,,0.0,0.0,no,weak_need,,,,,,no_issue,no_issue,not_applicable,low_interest,normal,rebook_trial,review_course_issue,P1,
62379777,001,EGCC-nadahassan,2026-05-04 00:00:20,2026-05-05 01:51:51,2,2,2026-05-04 00:00:02,2026-05-05 19:57:55,6,2,,,0,0,,,,,,,,0.0,0.0,no,good_need,,,,,,not_followed_after_trial,no_post_trial_followup_required,not_applicable,price_issue,normal,close_payment,review_course_issue,P1,
63073570,001,EGCC-nadahassan,2026-05-02 18:37:06,2026-05-04 17:32:38,6,6,2026-05-02 18:37:06,2026-05-04 17:32:38,6,6,2026-05-04 19:30 ~ 20:00,cancel,0,0,,,,,,,,0.0,0.0,no,weak_need,,,,,,no_issue,no_issue,not_applicable,schedule_issue,normal,rebook_trial,review_course_issue,P1,
63075353,002,EGCC-tasneemmahmoud,2026-05-02 19:58:34,2026-05-03 19:05:36,2,2,2026-05-02 18:32:45,2026-05-03 19:05:36,6,2,2026-05-03 17:30 ~ 18:00,cancel,0,0,,,,,,,,0.0,0.0,no,weak_need,,,,,,no_issue,no_issue,not_applicable,schedule_issue,normal,rebook_trial,review_course_issue,P1,
63081802,002,EGCC-maiwaheed,2026-05-03 20:22:32,2026-05-03 20:22:32,1,1,2026-05-03 20:22:22,2026-05-05 18:09:36,6,1,2026-05-04 17:30 ~ 18:00,s_absent,1,0,2026-05-05 18:09:36,2026-05-05 13:09:36,,,1149.6,,,0.0,0.0,no,weak_need,,,,,,no_issue,no_issue,not_applicable,low_interest,normal,rebook_trial,review_course_issue,P1,
63082396,001,EGCC-nadahassan,2026-05-04 17:26:33,2026-05-04 17:26:33,1,1,2026-05-03 19:40:56,2026-05-04 17:26:50,6,1,2026-05-04 20:30 ~ 21:00,cancel,0,0,,,,,,,,0.0,0.0,no,weak_need,,,,,,no_issue,no_issue,not_applicable,schedule_issue,normal,rebook_trial,review_course_issue,P1,
63087348,002,EGCC-maiwaheed,2026-05-04 00:20:34,2026-05-05 22:51:38,6,6,2026-05-04 00:20:34,2026-05-05 22:51:38,6,6,2026-05-05 19:00 ~ 19:30,cancel,0,0,,,,,,,,0.0,0.0,no,good_need,,,,,,not_followed_after_trial,no_post_trial_followup_required,not_applicable,price_issue,normal,close_payment,review_course_issue,P1,
63090231,001,EGCC-nadahassan,2026-05-04 21:21:27,2026-05-05 18:21:20,2,2,2026-05-04 17:19:17,2026-05-05 18:21:20,6,2,2026-05-05 20:30 ~ 21:00,cancel,0,0,,,,,,,,0.0,0.0,no,weak_need,,,,,,no_issue,no_issue,not_applicable,schedule_issue,normal,rebook_trial,review_course_issue,P1,
63095217,002,EGCC-maiwaheed,2026-05-05 01:01:07,2026-05-05 01:01:07,1,1,2026-05-04 23:40:58,2026-05-05 18:16:01,6,1,2026-05-05 12:30 ~ 13:00,cancel,1,0,2026-05-05 18:16:01,2026-05-05 13:16:01,,,16.0,,,0.0,0.0,no,good_need,,,,,,not_followed_after_trial,no_post_trial_followup_required,not_applicable,price_issue,normal,close_payment,review_course_issue,P1,
63096335,002,EGCC-maiwaheed,2026-05-05 17:43:10,2026-05-05 21:36:55,3,3,2026-05-05 17:43:10,2026-05-05 22:38:11,6,3,2026-05-05 20:00 ~ 20:30,cancel,0,0,,,,,,,,0.0,0.0,no,weak_need,,,,,,no_issue,no_issue,not_applicable,schedule_issue,normal,rebook_trial,review_course_issue,P1,
62677046,001,EGCC-nadahassan,2026-05-05 21:45:25,2026-05-05 21:45:25,1,1,2026-05-05 21:45:25,2026-05-05 21:49:15,5,1,,,0,0,,,,,,,,0.0,0.0,no,weak_need,,,,,,no_issue,no_issue,not_applicable,schedule_issue,normal,rebook_trial,review_course_issue,P1,
62874755,002,EGCC-tasneemmahmoud,2026-05-01 00:17:06,2026-05-01 01:31:40,2,2,2026-04-25 19:43:53,2026-05-01 01:31:40,5,3,,,0,0,,,,,,,,0.0,0.0,no,good_need,,,,,,not_followed_after_trial,no_post_trial_followup_required,not_applicable,price_issue,normal,close_payment,review_course_issue,P1,
62875812,002,EGCC-fatmamohamed,2026-05-04 23:54:16,2026-05-05 22:31:08,5,5,2026-05-04 23:54:16,2026-05-05 22:31:08,5,5,2026-05-05 17:00 ~ 17:30,end,1,1,2026-05-05 22:31:08,2026-05-05 17:31:08,2026-05-05 22:31:08,2026-05-05 17:31:08,1.1,1.1,,0.0,0.0,no,good_need,,,,,,not_followed_after_trial,followed_after_trial_connected,followed_after_trial_connected,price_issue,normal,close_payment,review_course_issue,P1,
62977738,002,EGCC-fatmamohamed,2026-05-05 19:00:29,2026-05-05 19:00:29,1,1,2026-04-30 00:30:35,2026-05-05 19:00:29,5,2,,,0,0,,,,,,,,0.0,0.0,no,weak_need,,,,,,no_issue,no_issue,not_applicable,low_interest,normal,rebook_trial,review_course_issue,P1,
62997418,001,EGCC-eman.amr,2026-05-04 00:00:49,2026-05-04 00:00:49,1,1,2026-04-25 16:25:44,2026-05-04 00:00:49,5,2,,,0,0,,,,,,,,0.0,0.0,no,good_need,,,,,,not_followed_after_trial,no_post_trial_followup_required,not_applicable,price_issue,normal,close_payment,review_course_issue,P1,
63068346,002,EGCC-maiwaheed,2026-05-02 17:46:16,2026-05-04 00:34:11,4,4,2026-05-02 17:44:50,2026-05-04 00:34:11,5,4,2026-05-03 14:30 ~ 15:00,cancel,3,3,2026-05-03 20:02:41,2026-05-03 15:02:41,2026-05-03 20:02:41,2026-05-03 15:02:41,2.7,2.7,,0.0,0.0,no,weak_need,,,,,,no_issue,no_issue,not_applicable,schedule_issue,normal,rebook_trial,review_course_issue,P1,
63071723,001,EGCC-eman.amr,2026-05-02 18:08:35,2026-05-02 18:25:21,2,2,2026-05-02 18:08:35,2026-05-03 23:42:56,5,2,2026-05-03 15:30 ~ 16:00,s_absent,1,0,2026-05-03 23:42:56,2026-05-03 18:42:56,,,162.9,,,0.0,0.0,no,weak_need,,,,,,no_issue,no_issue,not_applicable,low_interest,normal,rebook_trial,review_course_issue,P1,
63074289,001,EGCC-nadahassan,2026-05-04 17:33:22,2026-05-04 17:33:22,1,1,2026-05-02 18:42:22,2026-05-04 17:33:22,5,1,2026-05-04 17:30 ~ 18:00,cancel,0,0,,,,,,,,0.0,0.0,no,weak_need,,,,,,no_issue,no_issue,not_applicable,schedule_issue,normal,rebook_trial,review_course_issue,P1,
63076694,001,EGCC-nadahassan,2026-05-02 17:38:04,2026-05-02 17:38:04,1,1,2026-05-02 17:38:04,2026-05-05 18:29:43,5,1,2026-05-04 20:30 ~ 21:00,cancel,2,0,2026-05-05 18:27:48,2026-05-05 13:27:48,,,987.8,,,0.0,0.0,no,weak_need,,,,,,no_issue,no_issue,not_applicable,schedule_issue,normal,rebook_trial,review_course_issue,P1,
63079248,002,EGCC-maiwaheed,2026-05-03 18:13:10,2026-05-04 00:05:00,4,4,2026-05-03 18:13:10,2026-05-04 00:05:00,5,4,2026-05-03 17:00 ~ 17:30,end,2,1,2026-05-04 00:04:50,2026-05-03 19:04:50,2026-05-04 00:05:00,2026-05-03 19:05:00,94.8,95.0,,0.0,0.0,no,good_need,,,,,,not_followed_after_trial,followed_after_trial_connected,followed_after_trial_connected,price_issue,normal,close_payment,review_course_issue,P1,
63081242,001,EGCC-nadahassan,2026-05-03 19:49:20,2026-05-04 00:40:44,2,2,2026-05-03 19:49:20,2026-05-05 18:32:17,5,2,2026-05-04 20:00 ~ 20:30,cancel,2,0,2026-05-05 18:31:07,2026-05-05 13:31:07,,,1021.1,,,0.0,0.0,no,weak_need,,,,,,no_issue,no_issue,not_applicable,schedule_issue,normal,rebook_trial,review_course_issue,P1,
63088870,002,EGCC-maiwaheed,2026-05-04 18:36:43,2026-05-04 23:09:40,5,5,2026-05-04 18:36:43,2026-05-04 23:09:40,5,5,2026-05-04 17:30 ~ 18:00,end,1,1,2026-05-04 23:09:40,2026-05-04 18:09:40,2026-05-04 23:09:40,2026-05-04 18:09:40,9.7,9.7,,0.0,0.0,no,good_need,,,,,,not_followed_after_trial,followed_after_trial_connected,followed_after_trial_connected,price_issue,normal,close_payment,review_course_issue,P1,
63088941,002,EGCC-tasneemmahmoud,2026-05-05 17:17:27,2026-05-05 18:26:22,3,3,2026-05-04 17:55:01,2026-05-05 18:26:22,5,3,2026-05-05 20:00 ~ 20:30,cancel,0,0,,,,,,,,0.0,0.0,no,weak_need,,,,,,no_issue,no_issue,not_applicable,schedule_issue,normal,rebook_trial,review_course_issue,P1,
63089389,001,EGCC-eman.amr,2026-05-04 18:18:50,2026-05-05 01:34:03,5,5,2026-05-04 18:18:50,2026-05-05 01:34:03,5,5,2026-05-04 14:00 ~ 14:30,cancel,3,3,2026-05-05 01:11:16,2026-05-04 20:11:16,2026-05-05 01:11:16,2026-05-04 20:11:16,341.3,341.3,,0.0,0.0,no,weak_need,,,,,,no_issue,no_issue,not_applicable,schedule_issue,normal,rebook_trial,review_course_issue,P1,
63090259,001,EGCC-nadahassan,2026-05-04 23:50:12,2026-05-05 17:53:21,2,2,2026-05-04 23:47:35,2026-05-05 17:53:46,5,2,2026-05-05 20:30 ~ 21:00,cancel,0,0,,,,,,,,0.0,0.0,no,weak_need,,,,,,no_issue,no_issue,not_applicable,schedule_issue,normal,rebook_trial,review_course_issue,P1,
63094871,002,EGCC-tasneemmahmoud,2026-05-04 23:10:12,2026-05-05 19:00:09,5,5,2026-05-04 23:10:12,2026-05-05 19:00:09,5,5,2026-05-04 18:30 ~ 19:00,end,3,3,2026-05-05 01:30:31,2026-05-04 20:30:31,2026-05-05 01:30:31,2026-05-04 20:30:31,90.5,90.5,,0.0,0.0,no,good_need,,,,,,not_followed_after_trial,followed_after_trial_connected,followed_after_trial_connected,price_issue,normal,close_payment,review_course_issue,P1,
62784051,001,EGCC-nadahassan,2026-05-02 20:45:21,2026-05-02 20:45:21,1,1,2026-05-02 20:45:21,2026-05-04 20:16:03,4,1,,,0,0,,,,,,,,0.0,0.0,no,weak_need,,,,,,no_issue,no_issue,not_applicable,schedule_issue,normal,rebook_trial,review_course_issue,P1,
63067756,001,EGCC-nadahassan,2026-05-02 20:01:38,2026-05-02 20:01:38,1,1,2026-05-02 20:01:38,2026-05-04 19:06:05,4,1,2026-05-02 14:30 ~ 15:00,s_absent,4,1,2026-05-02 20:01:38,2026-05-02 15:01:38,2026-05-02 20:01:38,2026-05-02 15:01:38,1.6,1.6,,0.0,0.0,no,weak_need,,,,,,no_issue,no_issue,not_applicable,low_interest,normal,rebook_trial,review_course_issue,P1,
63068786,001,EGCC-nadahassan,2026-05-02 18:56:00,2026-05-02 18:56:00,1,1,2026-05-02 18:52:39,2026-05-02 19:04:47,4,1,2026-05-03 17:00 ~ 17:30,cancel,0,0,,,,,,,,0.0,0.0,no,weak_need,,,,,,no_issue,no_issue,not_applicable,schedule_issue,normal,rebook_trial,review_course_issue,P1,
63080022,001,EGCC-nadahassan,2026-05-04 00:43:41,2026-05-04 18:22:12,2,2,2026-05-03 21:23:35,2026-05-04 18:22:12,4,2,2026-05-03 18:30 ~ 19:00,cancel,2,2,2026-05-04 00:43:41,2026-05-03 19:43:41,2026-05-04 00:43:41,2026-05-03 19:43:41,43.7,43.7,,0.0,0.0,no,weak_need,,,,,,no_issue,no_issue,not_applicable,schedule_issue,normal,rebook_trial,review_course_issue,P1,
63080837,002,EGCC-fatmamohamed,2026-05-04 17:20:13,2026-05-04 23:22:22,3,3,2026-05-04 17:20:13,2026-05-05 17:45:00,4,3,2026-05-04 18:30 ~ 19:00,s_absent,1,0,2026-05-05 17:45:00,2026-05-05 12:45:00,,,1065.0,,,0.0,0.0,no,weak_need,,,,,,no_issue,no_issue,not_applicable,low_interest,normal,rebook_trial,review_course_issue,P1,
63081950,002,51nadamuhammad,2026-05-04 21:35:43,2026-05-04 21:35:43,1,1,2026-05-03 19:57:49,2026-05-04 21:35:43,4,1,2026-05-04 17:00 ~ 17:30,s_absent,0,0,,,,,,,,0.0,0.0,no,weak_need,,,,,,no_issue,no_issue,not_applicable,low_interest,normal,rebook_trial,review_course_issue,P1,
63082131,002,EGCC-fatmamohamed,2026-05-03 18:49:38,2026-05-05 17:47:09,4,4,2026-05-03 18:49:38,2026-05-05 17:47:09,4,4,2026-05-04 15:30 ~ 16:00,end,2,2,2026-05-04 21:07:52,2026-05-04 16:07:52,2026-05-04 21:07:52,2026-05-04 16:07:52,7.9,7.9,,0.0,0.0,no,good_need,,,,,,not_followed_after_trial,followed_after_trial_connected,followed_after_trial_connected,price_issue,normal,close_payment,review_course_issue,P1,
63084512,002,EGCC-maiwaheed,2026-05-03 19:35:02,2026-05-03 19:35:02,1,1,2026-05-03 19:28:51,2026-05-04 20:08:09,4,1,2026-05-04 16:00 ~ 16:30,cancel,0,0,,,,,,,,0.0,0.0,no,weak_need,,,,,,no_issue,no_issue,not_applicable,schedule_issue,normal,rebook_trial,review_course_issue,P1,
63088640,002,EGCC-maiwaheed,2026-05-04 18:59:23,2026-05-04 18:59:23,1,1,2026-05-04 17:17:34,2026-05-04 18:59:23,4,1,2026-05-04 12:30 ~ 13:00,s_absent,1,1,2026-05-04 18:59:23,2026-05-04 13:59:23,2026-05-04 18:59:23,2026-05-04 13:59:23,59.4,59.4,,0.0,0.0,no,weak_need,,,,,,no_issue,no_issue,not_applicable,low_interest,normal,rebook_trial,review_course_issue,P1,
63096714,001,EGCC-eman.amr,2026-05-05 17:41:12,2026-05-05 17:41:12,1,1,2026-05-05 17:38:49,2026-05-05 18:16:15,4,1,2026-05-05 18:30 ~ 19:00,cancel,0,0,,,,,,,,0.0,0.0,no,weak_need,,,,,,no_issue,no_issue,not_applicable,schedule_issue,normal,rebook_trial,review_course_issue,P1,
60467797,002,51nadamuhammad,2026-05-04 01:45:04,2026-05-04 01:45:04,1,1,2026-05-04 01:45:04,2026-05-04 20:04:42,3,1,,,0,0,,,,,,,,0.0,0.0,no,good_need,,,,,,not_followed_after_trial,no_post_trial_followup_required,not_applicable,price_issue,normal,close_payment,review_course_issue,P1,
62655058,001,EGCC-eman.amr,2026-05-03 21:49:03,2026-05-04 20:15:05,2,2,2026-04-30 21:31:26,2026-05-04 20:15:05,3,3,,,0,0,,,,,,,,0.0,0.0,no,weak_need,,,,,,no_issue,no_issue,not_applicable,schedule_issue,normal,rebook_trial,review_course_issue,P1,
62703994,001,EGCC-nadahassan,2026-05-05 20:49:19,2026-05-05 20:49:19,1,1,2026-05-05 20:49:01,2026-05-05 20:49:50,3,1,,,0,0,,,,,,,,0.0,0.0,no,weak_need,,,,,,no_issue,no_issue,not_applicable,schedule_issue,normal,rebook_trial,review_course_issue,P1,
62793305,001,EGCC-nadahassan,2026-05-04 21:42:23,2026-05-04 21:42:23,1,1,2026-05-04 21:42:13,2026-05-04 21:42:57,3,1,,,0,0,,,,,,,,0.0,0.0,no,weak_need,,,,,,no_issue,no_issue,not_applicable,schedule_issue,normal,rebook_trial,review_course_issue,P1,
62802411,001,EGCC-nadahassan,2026-05-04 20:20:43,2026-05-04 20:20:43,1,1,2026-05-04 20:19:27,2026-05-04 20:21:22,3,1,,,0,0,,,,,,,,0.0,0.0,no,weak_need,,,,,,no_issue,no_issue,not_applicable,low_interest,normal,rebook_trial,review_course_issue,P1,
62805415,001,EGCC-nadahassan,2026-05-02 20:23:13,2026-05-04 20:01:47,2,2,2026-05-02 20:23:13,2026-05-04 20:02:18,3,2,,,0,0,,,,,,,,0.0,0.0,no,weak_need,,,,,,no_issue,no_issue,not_applicable,schedule_issue,normal,rebook_trial,review_course_issue,P1,
63024271,002,EGCC-maiwaheed,2026-05-02 20:03:14,2026-05-02 20:03:14,1,1,2026-04-26 17:54:35,2026-05-02 20:03:14,3,1,2026-04-26 14:30 ~ 15:00,cancel,1,1,2026-05-02 20:03:14,2026-05-02 15:03:14,2026-05-02 20:03:14,2026-05-02 15:03:14,8643.2,8643.2,,0.0,0.0,no,weak_need,,,,,,no_issue,no_issue,not_applicable,schedule_issue,normal,rebook_trial,review_course_issue,P1,
63064560,002,EGCC-fatmamohamed,2026-05-02 19:22:29,2026-05-04 19:15:58,2,2,2026-04-30 19:03:29,2026-05-04 19:15:58,3,3,2026-05-02 14:30 ~ 15:00,end,1,1,2026-05-04 19:15:58,2026-05-04 14:15:58,2026-05-04 19:15:58,2026-05-04 14:15:58,2836.0,2836.0,,0.0,0.0,no,good_need,,,,,,not_followed_after_trial,followed_after_trial_connected,followed_after_trial_connected,price_issue,normal,close_payment,review_course_issue,P1,
63068076,002,51nadamuhammad,2026-05-03 21:40:41,2026-05-03 21:40:41,1,1,2026-05-03 17:34:22,2026-05-03 21:40:41,3,1,2026-05-03 14:00 ~ 14:30,end,1,1,2026-05-03 21:40:41,2026-05-03 16:40:41,2026-05-03 21:40:41,2026-05-03 16:40:41,130.7,130.7,,0.0,0.0,no,good_need,,,,,,not_followed_after_trial,followed_after_trial_connected,followed_after_trial_connected,price_issue,normal,close_payment,review_course_issue,P1,
63070940,002,EGCC-tasneemmahmoud,2026-05-02 17:55:56,2026-05-02 18:03:36,3,3,2026-05-02 17:55:56,2026-05-02 18:03:36,3,3,2026-05-03 18:30 ~ 19:00,cancel,0,0,,,,,,,,0.0,0.0,no,weak_need,,,,,,no_issue,no_issue,not_applicable,schedule_issue,normal,rebook_trial,review_course_issue,P1,
63078373,002,51nadamuhammad,2026-05-02 19:34:46,2026-05-04 00:33:06,2,2,2026-05-02 19:34:46,2026-05-04 00:59:46,3,2,2026-05-03 20:00 ~ 20:30,s_absent,0,0,,,,,,,,0.0,0.0,no,weak_need,,,,,,no_issue,no_issue,not_applicable,low_interest,normal,rebook_trial,review_course_issue,P1,
63079252,002,EGCC-fatmamohamed,2026-05-03 17:32:50,2026-05-04 21:40:38,3,3,2026-05-03 17:32:50,2026-05-04 21:40:38,3,3,2026-05-04 16:00 ~ 16:30,end,1,1,2026-05-04 21:40:38,2026-05-04 16:40:38,2026-05-04 21:40:38,2026-05-04 16:40:38,10.6,10.6,,0.0,0.0,no,good_need,,,,,,not_followed_after_trial,followed_after_trial_connected,followed_after_trial_connected,price_issue,normal,close_payment,review_course_issue,P1,
63080870,002,EGCC-maiwaheed,2026-05-03 19:21:23,2026-05-04 21:42:23,3,3,2026-05-03 19:21:23,2026-05-04 21:42:23,3,3,2026-05-04 13:00 ~ 13:30,s_absent,2,2,2026-05-04 21:35:22,2026-05-04 16:35:22,2026-05-04 21:35:22,2026-05-04 16:35:22,185.4,185.4,,0.0,0.0,no,good_need,,,,,,not_followed_after_trial,no_post_trial_followup_required,not_applicable,price_issue,normal,close_payment,review_course_issue,P1,
63081227,001,EGCC-eman.amr,2026-05-03 20:02:52,2026-05-03 20:02:52,1,1,2026-05-03 20:02:52,2026-05-04 17:17:21,3,1,2026-05-04 12:30 ~ 13:00,s_absent,0,0,,,,,,,,0.0,0.0,no,weak_need,,,,,,no_issue,no_issue,not_applicable,low_interest,normal,rebook_trial,review_course_issue,P1,
63081872,002,EGCC-maiwaheed,2026-05-04 00:21:36,2026-05-04 00:21:36,1,1,2026-05-04 00:21:36,2026-05-04 18:20:08,3,1,2026-05-04 13:30 ~ 14:00,s_absent,0,0,,,,,,,,0.0,0.0,no,weak_need,,,,,,no_issue,no_issue,not_applicable,low_interest,normal,rebook_trial,review_course_issue,P1,
63082678,002,51nadamuhammad,2026-05-03 18:40:24,2026-05-03 18:40:24,1,1,2026-05-03 18:40:24,2026-05-04 21:39:13,3,1,2026-05-04 17:00 ~ 17:30,s_absent,0,0,,,,,,,,0.0,0.0,no,weak_need,,,,,,no_issue,no_issue,not_applicable,low_interest,normal,rebook_trial,review_course_issue,P1,
63088418,002,51nadamuhammad,2026-05-04 17:58:27,2026-05-05 17:41:24,2,2,2026-05-04 17:57:40,2026-05-05 17:41:24,3,2,2026-05-05 15:30 ~ 16:00,cancel,0,0,,,,,,,,0.0,0.0,no,weak_need,,,,,,no_issue,no_issue,not_applicable,schedule_issue,normal,rebook_trial,review_course_issue,P1,
63094452,001,EGCC-nadahassan,2026-05-04 21:44:47,2026-05-05 18:41:38,2,2,2026-05-04 21:44:47,2026-05-05 18:41:38,3,2,2026-05-04 18:30 ~ 19:00,cancel,2,1,2026-05-05 18:41:27,2026-05-05 13:41:27,2026-05-05 18:41:38,2026-05-05 13:41:38,1121.5,1121.6,,0.0,0.0,no,weak_need,,,,,,no_issue,no_issue,not_applicable,schedule_issue,normal,rebook_trial,review_course_issue,P1,
63096657,002,51nadamuhammad,2026-05-05 18:35:03,2026-05-05 18:35:03,1,1,2026-05-05 18:35:03,2026-05-05 21:02:47,3,1,2026-05-05 18:30 ~ 19:00,cancel,0,0,,,,,,,,0.0,0.0,no,weak_need,,,,,,no_issue,no_issue,not_applicable,schedule_issue,normal,rebook_trial,review_course_issue,P1,
61959553,002,EGCC-tasneemmahmoud,2026-05-05 20:45:05,2026-05-05 20:45:05,1,1,2026-05-05 20:42:49,2026-05-05 20:45:05,2,1,,,0,0,,,,,,,,0.0,0.0,no,good_need,,,,,,not_followed_after_trial,no_post_trial_followup_required,not_applicable,price_issue,normal,close_payment,review_course_issue,P1,
62160532,001,EGCC-nadahassan,2026-05-04 00:06:59,2026-05-04 00:06:59,1,1,2026-05-04 00:05:42,2026-05-04 00:06:59,2,1,,,0,0,,,,,,,,0.0,0.0,no,good_need,,,,,,not_followed_after_trial,no_post_trial_followup_required,not_applicable,price_issue,normal,close_payment,review_course_issue,P1,
62704582,001,EGCC-nadahassan,2026-05-05 21:39:49,2026-05-05 21:41:29,2,2,2026-05-05 21:39:49,2026-05-05 21:41:29,2,2,,,0,0,,,,,,,,0.0,0.0,no,weak_need,,,,,,no_issue,no_issue,not_applicable,schedule_issue,normal,rebook_trial,review_course_issue,P1,
62705066,001,EGCC-nadahassan,2026-05-05 20:46:47,2026-05-05 20:46:47,1,1,2026-05-05 20:46:47,2026-05-05 20:48:06,2,1,,,0,0,,,,,,,,0.0,0.0,no,weak_need,,,,,,no_issue,no_issue,not_applicable,schedule_issue,normal,rebook_trial,review_course_issue,P1,
62770158,001,EGCC-nadahassan,2026-05-02 20:53:28,2026-05-04 00:30:49,2,2,2026-05-02 20:53:28,2026-05-04 00:30:49,2,2,,,0,0,,,,,,,,0.0,0.0,no,good_need,,,,,,not_followed_after_trial,no_post_trial_followup_required,not_applicable,price_issue,normal,close_payment,review_course_issue,P1,
62773996,001,EGCC-nadahassan,2026-05-04 23:14:58,2026-05-04 23:15:33,2,2,2026-05-04 23:14:58,2026-05-04 23:15:33,2,2,,,0,0,,,,,,,,0.0,0.0,no,good_need,,,,,,not_followed_after_trial,no_post_trial_followup_required,not_applicable,price_issue,normal,close_payment,review_course_issue,P1,
62775647,001,EGCC-nadahassan,2026-05-04 23:33:10,2026-05-04 23:34:27,2,2,2026-05-04 23:33:10,2026-05-04 23:34:27,2,2,,,0,0,,,,,,,,0.0,0.0,no,weak_need,,,,,,no_issue,no_issue,not_applicable,low_interest,normal,rebook_trial,review_course_issue,P1,
62796536,001,EGCC-nadahassan,2026-05-02 20:26:09,2026-05-04 20:08:46,2,2,2026-05-02 20:26:09,2026-05-04 20:08:46,2,2,,,0,0,,,,,,,,0.0,0.0,no,good_need,,,,,,not_followed_after_trial,no_post_trial_followup_required,not_applicable,price_issue,normal,close_payment,review_course_issue,P1,
62904749,002,EGCC-fatmamohamed,2026-05-04 23:49:22,2026-05-04 23:49:22,1,1,2026-05-04 23:49:22,2026-05-04 23:49:50,2,1,,,0,0,,,,,,,,0.0,0.0,no,weak_need,,,,,,no_issue,no_issue,not_applicable,low_interest,normal,rebook_trial,review_course_issue,P1,
62912068,002,EGCC-fatmamohamed,2026-05-05 19:37:39,2026-05-05 19:37:39,1,1,2026-04-30 00:53:18,2026-05-05 19:37:39,2,1,2026-05-05 20:00 ~ 20:30,s_absent,0,0,,,,,,,,0.0,0.0,no,weak_need,,,,,,no_issue,no_issue,not_applicable,low_interest,normal,rebook_trial,review_course_issue,P1,
62942278,002,EGCC-tasneemmahmoud,2026-05-03 21:53:30,2026-05-03 21:53:30,1,1,2026-05-03 21:52:19,2026-05-03 21:53:30,2,1,,,0,0,,,,,,,,0.0,0.0,no,weak_need,,,,,,no_issue,no_issue,not_applicable,schedule_issue,normal,rebook_trial,review_course_issue,P1,
62961852,002,EGCC-fatmamohamed,2026-05-05 19:27:21,2026-05-05 19:27:21,1,1,2026-05-05 19:26:43,2026-05-05 19:27:21,2,1,,,0,0,,,,,,,,0.0,0.0,no,weak_need,,,,,,no_issue,no_issue,not_applicable,low_interest,normal,rebook_trial,review_course_issue,P1,
62969756,002,EGCC-maiwaheed,2026-05-01 00:23:57,2026-05-01 00:23:57,1,1,2026-05-01 00:21:57,2026-05-01 00:23:57,2,1,,,0,0,,,,,,,,0.0,0.0,no,good_need,,,,,,not_followed_after_trial,no_post_trial_followup_required,not_applicable,price_issue,normal,close_payment,review_course_issue,P1,
62981788,002,EGCC-tasneemmahmoud,2026-05-03 23:20:18,2026-05-03 23:21:42,2,2,2026-05-03 23:20:18,2026-05-03 23:21:42,2,2,,,0,0,,,,,,,,0.0,0.0,no,weak_need,,,,,,no_issue,no_issue,not_applicable,schedule_issue,normal,rebook_trial,review_course_issue,P1,
62993396,001,EGCC-eman.amr,2026-05-04 00:11:36,2026-05-04 00:11:36,1,1,2026-05-04 00:10:26,2026-05-04 00:11:36,2,1,,,0,0,,,,,,,,0.0,0.0,no,weak_need,,,,,,no_issue,no_issue,not_applicable,low_interest,normal,rebook_trial,review_course_issue,P1,
63051138,001,EGCC-eman.amr,2026-05-04 23:40:29,2026-05-04 23:40:29,1,1,2026-04-30 17:49:36,2026-05-04 23:40:29,2,2,2026-04-30 19:00 ~ 19:30,end,1,1,2026-05-04 23:40:29,2026-05-04 18:40:29,2026-05-04 23:40:29,2026-05-04 18:40:29,5710.5,5710.5,,0.0,0.0,no,good_need,,,,,,not_followed_after_trial,followed_after_trial_connected,followed_after_trial_connected,price_issue,normal,close_payment,review_course_issue,P1,
63067971,001,EGCC-eman.amr,2026-05-02 17:52:13,2026-05-04 23:27:59,2,2,2026-05-02 17:52:13,2026-05-04 23:27:59,2,2,2026-05-02 13:00 ~ 13:30,cancel,1,1,2026-05-04 23:27:59,2026-05-04 18:27:59,2026-05-04 23:27:59,2026-05-04 18:27:59,3178.0,3178.0,,0.0,0.0,no,weak_need,,,,,,no_issue,no_issue,not_applicable,schedule_issue,normal,rebook_trial,review_course_issue,P1,
63070913,002,EGCC-maiwaheed,2026-05-02 17:39:55,2026-05-02 17:39:55,1,1,2026-05-02 17:39:55,2026-05-03 17:08:39,2,1,2026-05-03 15:00 ~ 15:30,cancel,0,0,,,,,,,,0.0,0.0,no,weak_need,,,,,,no_issue,no_issue,not_applicable,schedule_issue,normal,rebook_trial,review_course_issue,P1,
63081669,002,EGCC-tasneemmahmoud,2026-05-03 18:32:23,2026-05-03 18:36:24,2,2,2026-05-03 18:32:23,2026-05-03 18:36:24,2,2,2026-05-04 20:00 ~ 20:30,cancel,0,0,,,,,,,,0.0,0.0,no,weak_need,,,,,,no_issue,no_issue,not_applicable,schedule_issue,normal,rebook_trial,review_course_issue,P1,
63087505,002,EGCC-fatmamohamed,2026-05-03 23:12:31,2026-05-04 00:11:34,2,2,2026-05-03 23:12:31,2026-05-04 00:11:34,2,2,2026-05-03 18:30 ~ 19:00,end,1,1,2026-05-04 00:11:34,2026-05-03 19:11:34,2026-05-04 00:11:34,2026-05-03 19:11:34,11.6,11.6,,0.0,0.0,no,good_need,,,,,,not_followed_after_trial,followed_after_trial_connected,followed_after_trial_connected,price_issue,normal,close_payment,review_course_issue,P1,
63094479,002,51nadamuhammad,2026-05-04 23:50:43,2026-05-04 23:50:43,1,1,2026-05-04 23:48:46,2026-05-04 23:50:43,2,1,2026-05-05 19:00 ~ 19:30,cancel,0,0,,,,,,,,0.0,0.0,no,weak_need,,,,,,no_issue,no_issue,not_applicable,schedule_issue,normal,rebook_trial,review_course_issue,P1,
63096233,002,51nadamuhammad,2026-05-05 17:32:33,2026-05-05 17:32:33,1,1,2026-05-05 17:31:03,2026-05-05 17:32:33,2,1,2026-05-05 12:00 ~ 12:30,s_absent,2,1,2026-05-05 17:31:03,2026-05-05 12:31:03,2026-05-05 17:32:33,2026-05-05 12:32:33,1.1,2.5,,0.0,0.0,no,weak_need,,,,,,no_issue,no_issue,not_applicable,low_interest,normal,rebook_trial,review_course_issue,P1,
63096423,002,EGCC-fatmamohamed,2026-05-05 17:30:36,2026-05-05 17:30:36,1,1,2026-05-05 17:30:36,2026-05-05 17:31:30,2,1,2026-05-05 19:00 ~ 19:30,cancel,0,0,,,,,,,,0.0,0.0,no,weak_need,,,,,,no_issue,no_issue,not_applicable,schedule_issue,normal,rebook_trial,review_course_issue,P1,
63096595,002,EGCC-tasneemmahmoud,2026-05-05 17:06:06,2026-05-05 17:09:49,2,2,2026-05-05 17:06:06,2026-05-05 17:09:49,2,2,2026-05-05 15:00 ~ 15:30,cancel,0,0,,,,,,,,0.0,0.0,no,weak_need,,,,,,no_issue,no_issue,not_applicable,schedule_issue,normal,rebook_trial,review_course_issue,P1,
63097282,002,EGCC-maiwaheed,2026-05-05 18:17:00,2026-05-05 18:17:00,1,1,2026-05-05 17:40:47,2026-05-05 18:17:00,2,1,2026-05-05 20:00 ~ 20:30,s_absent,0,0,,,,,,,,0.0,0.0,no,weak_need,,,,,,no_issue,no_issue,not_applicable,low_interest,normal,rebook_trial,review_course_issue,P1,
63100085,002,EGCC-tasneemmahmoud,2026-05-05 18:05:47,2026-05-05 18:05:47,1,1,2026-05-05 18:05:47,2026-05-05 18:06:34,2,1,2026-05-05 14:00 ~ 14:30,cancel,0,0,,,,,,,,0.0,0.0,no,weak_need,,,,,,no_issue,no_issue,not_applicable,schedule_issue,normal,rebook_trial,review_course_issue,P1,
63100512,002,EGCC-maiwaheed,2026-05-05 18:50:28,2026-05-05 18:50:28,1,1,2026-05-05 18:46:03,2026-05-05 18:50:28,2,1,2026-05-06 14:00 ~ 14:30,cancel,0,0,,,,,,,,0.0,0.0,no,weak_need,,,,,,no_issue,no_issue,not_applicable,schedule_issue,normal,rebook_trial,review_course_issue,P1,
61262816,001,EGCC-nadahassan,2026-05-04 00:09:35,2026-05-04 00:09:35,1,1,2026-05-04 00:09:35,2026-05-04 00:09:35,1,1,,,0,0,,,,,,,,0.0,0.0,no,good_need,,,,,,not_followed_after_trial,no_post_trial_followup_required,not_applicable,price_issue,normal,close_payment,review_course_issue,P1,
62146402,002,EGCC-maiwaheed,2026-05-02 18:45:39,2026-05-02 18:45:39,1,1,2026-05-02 18:45:39,2026-05-02 18:45:39,1,1,,,0,0,,,,,,,,0.0,0.0,no,good_need,,,,,,not_followed_after_trial,no_post_trial_followup_required,not_applicable,price_issue,normal,close_payment,review_course_issue,P1,
62267373,001,EGCC-nadahassan,2026-05-04 00:18:01,2026-05-04 00:18:01,1,1,2026-05-04 00:18:01,2026-05-04 00:18:01,1,1,,,0,0,,,,,,,,0.0,0.0,no,weak_need,,,,,,no_issue,no_issue,not_applicable,low_interest,normal,rebook_trial,review_course_issue,P1,
62453200,002,51nadamuhammad,2026-05-04 20:35:35,2026-05-04 20:35:35,1,1,2026-05-04 20:35:35,2026-05-04 20:35:35,1,1,,,0,0,,,,,,,,0.0,0.0,no,weak_need,,,,,,no_issue,no_issue,not_applicable,low_interest,normal,rebook_trial,review_course_issue,P1,
62683760,001,EGCC-nadahassan,2026-05-05 21:03:30,2026-05-05 21:03:30,1,1,2026-05-05 21:03:30,2026-05-05 21:03:30,1,1,,,0,0,,,,,,,,0.0,0.0,no,good_need,,,,,,not_followed_after_trial,no_post_trial_followup_required,not_applicable,price_issue,normal,close_payment,review_course_issue,P1,
62694459,001,EGCC-nadahassan,2026-05-05 21:19:20,2026-05-05 21:19:20,1,1,2026-05-05 21:19:20,2026-05-05 21:19:20,1,1,,,0,0,,,,,,,,0.0,0.0,no,weak_need,,,,,,no_issue,no_issue,not_applicable,schedule_issue,normal,rebook_trial,review_course_issue,P1,
62701935,001,EGCC-nadahassan,2026-05-05 00:14:50,2026-05-05 00:14:50,1,1,2026-05-05 00:14:50,2026-05-05 00:14:50,1,1,,,0,0,,,,,,,,0.0,0.0,no,good_need,,,,,,not_followed_after_trial,no_post_trial_followup_required,not_applicable,price_issue,normal,close_payment,review_course_issue,P1,
62707368,001,EGCC-nadahassan,2026-05-05 20:13:06,2026-05-05 20:13:06,1,1,2026-05-05 20:13:06,2026-05-05 20:13:06,1,1,,,0,0,,,,,,,,0.0,0.0,no,weak_need,,,,,,no_issue,no_issue,not_applicable,low_interest,normal,rebook_trial,review_course_issue,P1,
62711752,001,EGCC-nadahassan,2026-05-05 21:09:17,2026-05-05 21:09:17,1,1,2026-05-05 21:09:17,2026-05-05 21:09:17,1,1,,,0,0,,,,,,,,0.0,0.0,no,weak_need,,,,,,no_issue,no_issue,not_applicable,schedule_issue,normal,rebook_trial,review_course_issue,P1,
62712794,001,EGCC-nadahassan,2026-05-02 18:29:07,2026-05-02 18:29:07,1,1,2026-05-02 18:29:07,2026-05-02 18:29:07,1,1,,,0,0,,,,,,,,0.0,0.0,no,weak_need,,,,,,no_issue,no_issue,not_applicable,schedule_issue,normal,rebook_trial,review_course_issue,P1,
62713262,001,EGCC-nadahassan,2026-05-05 00:09:28,2026-05-05 00:09:28,1,1,2026-05-05 00:09:28,2026-05-05 00:09:28,1,1,,,0,0,,,,,,,,0.0,0.0,no,weak_need,,,,,,no_issue,no_issue,not_applicable,schedule_issue,normal,rebook_trial,review_course_issue,P1,
62729404,001,EGCC-nadahassan,2026-05-04 23:36:34,2026-05-04 23:36:34,1,1,2026-05-04 23:36:34,2026-05-04 23:36:34,1,1,,,0,0,,,,,,,,0.0,0.0,no,weak_need,,,,,,no_issue,no_issue,not_applicable,schedule_issue,normal,rebook_trial,review_course_issue,P1,
62745817,002,EGCC-tasneemmahmoud,2026-05-05 21:30:10,2026-05-05 21:30:10,1,1,2026-05-05 21:30:10,2026-05-05 21:30:10,1,1,,,0,0,,,,,,,,0.0,0.0,no,good_need,,,,,,not_followed_after_trial,no_post_trial_followup_required,not_applicable,price_issue,normal,close_payment,review_course_issue,P1,
62748181,002,EGCC-tasneemmahmoud,2026-05-05 21:39:10,2026-05-05 21:39:10,1,1,2026-05-05 21:39:10,2026-05-05 21:39:10,1,1,,,0,0,,,,,,,,0.0,0.0,no,good_need,,,,,,not_followed_after_trial,no_post_trial_followup_required,not_applicable,price_issue,normal,close_payment,review_course_issue,P1,
62758193,001,EGCC-nadahassan,2026-05-04 23:25:44,2026-05-04 23:25:44,1,1,2026-05-04 23:25:44,2026-05-04 23:25:44,1,1,,,0,0,,,,,,,,0.0,0.0,no,good_need,,,,,,not_followed_after_trial,no_post_trial_followup_required,not_applicable,price_issue,normal,close_payment,review_course_issue,P1,
62764844,002,EGCC-tasneemmahmoud,2026-05-05 21:42:32,2026-05-05 21:42:32,1,1,2026-05-05 21:42:32,2026-05-05 21:42:32,1,1,,,0,0,,,,,,,,0.0,0.0,no,good_need,,,,,,not_followed_after_trial,no_post_trial_followup_required,not_applicable,price_issue,normal,close_payment,review_course_issue,P1,
62782636,001,EGCC-nadahassan,2026-05-02 20:48:13,2026-05-02 20:48:13,1,1,2026-05-02 20:48:13,2026-05-02 20:48:13,1,1,,,0,0,,,,,,,,0.0,0.0,no,weak_need,,,,,,no_issue,no_issue,not_applicable,schedule_issue,normal,rebook_trial,review_course_issue,P1,
62789261,001,EGCC-nadahassan,2026-05-02 20:29:55,2026-05-02 20:29:55,1,1,2026-05-02 20:29:55,2026-05-02 20:29:55,1,1,,,0,0,,,,,,,,0.0,0.0,no,weak_need,,,,,,no_issue,no_issue,not_applicable,schedule_issue,normal,rebook_trial,review_course_issue,P1,
62796994,001,EGCC-nadahassan,2026-05-04 20:03:51,2026-05-04 20:03:51,1,1,2026-05-04 20:03:51,2026-05-04 20:03:51,1,1,,,0,0,,,,,,,,0.0,0.0,no,good_need,,,,,,not_followed_after_trial,no_post_trial_followup_required,not_applicable,price_issue,normal,close_payment,review_course_issue,P1,
62801756,001,EGCC-eman.amr,2026-05-04 00:38:36,2026-05-04 00:38:36,1,1,2026-05-04 00:38:36,2026-05-04 00:38:36,1,1,,,0,0,,,,,,,,0.0,0.0,no,good_need,,,,,,not_followed_after_trial,no_post_trial_followup_required,not_applicable,price_issue,normal,close_payment,review_course_issue,P1,
62803546,001,EGCC-nadahassan,2026-05-04 20:13:55,2026-05-04 20:13:55,1,1,2026-05-04 20:13:55,2026-05-04 20:13:55,1,1,,,0,0,,,,,,,,0.0,0.0,no,weak_need,,,,,,no_issue,no_issue,not_applicable,schedule_issue,normal,rebook_trial,review_course_issue,P1,
62817122,001,EGCC-nadahassan,2026-05-04 20:06:08,2026-05-04 20:06:08,1,1,2026-05-04 20:06:08,2026-05-04 20:06:08,1,1,,,0,0,,,,,,,,0.0,0.0,no,weak_need,,,,,,no_issue,no_issue,not_applicable,schedule_issue,normal,rebook_trial,review_course_issue,P1,
62850652,002,EGCC-tasneemmahmoud,2026-05-03 21:01:25,2026-05-03 21:01:25,1,1,2026-05-03 21:01:25,2026-05-03 21:01:25,1,1,,,0,0,,,,,,,,0.0,0.0,no,weak_need,,,,,,no_issue,no_issue,not_applicable,schedule_issue,normal,rebook_trial,review_course_issue,P1,
62898029,002,EGCC-fatmamohamed,2026-05-05 20:02:54,2026-05-05 20:02:54,1,1,2026-05-05 20:02:54,2026-05-05 20:02:54,1,1,,,0,0,,,,,,,,0.0,0.0,no,weak_need,,,,,,no_issue,no_issue,not_applicable,schedule_issue,normal,rebook_trial,review_course_issue,P1,
62936517,002,51nadamuhammad,2026-05-04 01:11:46,2026-05-04 01:11:46,1,1,2026-05-04 01:11:46,2026-05-04 01:11:46,1,1,,,0,0,,,,,,,,0.0,0.0,no,weak_need,,,,,,no_issue,no_issue,not_applicable,schedule_issue,normal,rebook_trial,review_course_issue,P1,
62939637,001,EGCC-nadahassan,2026-05-02 18:21:20,2026-05-02 18:21:20,1,1,2026-05-02 18:21:20,2026-05-02 18:21:20,1,1,,,0,0,,,,,,,,0.0,0.0,no,good_need,,,,,,not_followed_after_trial,no_post_trial_followup_required,not_applicable,price_issue,normal,close_payment,review_course_issue,P1,
62940330,002,51nadamuhammad,2026-05-04 01:08:42,2026-05-04 01:08:42,1,1,2026-05-04 01:08:42,2026-05-04 01:08:42,1,1,,,0,0,,,,,,,,0.0,0.0,no,weak_need,,,,,,no_issue,no_issue,not_applicable,schedule_issue,normal,rebook_trial,review_course_issue,P1,
62942424,001,EGCC-eman.amr,2026-05-04 00:19:43,2026-05-04 00:19:43,1,1,2026-05-04 00:19:43,2026-05-04 00:19:43,1,1,,,0,0,,,,,,,,0.0,0.0,no,good_need,,,,,,not_followed_after_trial,no_post_trial_followup_required,not_applicable,price_issue,normal,close_payment,review_course_issue,P1,
62971518,002,EGCC-fatmamohamed,2026-05-05 19:04:08,2026-05-05 19:04:08,1,1,2026-05-05 19:04:08,2026-05-05 19:04:08,1,1,,,0,0,,,,,,,,0.0,0.0,no,weak_need,,,,,,no_issue,no_issue,not_applicable,low_interest,normal,rebook_trial,review_course_issue,P1,
62992183,002,EGCC-tasneemmahmoud,2026-05-05 20:24:36,2026-05-05 20:24:36,1,1,2026-05-05 20:24:36,2026-05-05 20:24:36,1,1,,,0,0,,,,,,,,0.0,0.0,no,weak_need,,,,,,no_issue,no_issue,not_applicable,low_interest,normal,rebook_trial,review_course_issue,P1,
63068311,002,EGCC-tasneemmahmoud,2026-05-02 19:23:03,2026-05-02 19:23:03,1,1,2026-05-02 19:23:03,2026-05-02 19:23:03,1,1,2026-05-03 14:30 ~ 15:00,cancel,0,0,,,,,,,,0.0,0.0,no,weak_need,,,,,,no_issue,no_issue,not_applicable,schedule_issue,normal,rebook_trial,review_course_issue,P1,
63072131,002,EGCC-fatmamohamed,2026-05-02 18:18:36,2026-05-02 18:18:36,1,1,2026-05-02 18:18:36,2026-05-02 18:18:36,1,1,2026-05-03 16:00 ~ 16:30,s_absent,0,0,,,,,,,,0.0,0.0,no,weak_need,,,,,,no_issue,no_issue,not_applicable,low_interest,normal,rebook_trial,review_course_issue,P1,
63073573,002,51nadamuhammad,2026-05-02 18:29:54,2026-05-02 18:29:54,1,1,2026-05-02 18:29:54,2026-05-02 18:29:54,1,1,2026-05-04 20:00 ~ 20:30,cancel,0,0,,,,,,,,0.0,0.0,no,weak_need,,,,,,no_issue,no_issue,not_applicable,schedule_issue,normal,rebook_trial,review_course_issue,P1,
63078728,002,EGCC-maiwaheed,2026-05-03 19:00:14,2026-05-03 19:00:14,1,1,2026-05-03 19:00:14,2026-05-03 19:00:14,1,1,2026-05-03 17:00 ~ 17:30,cancel,0,0,,,,,,,,0.0,0.0,no,weak_need,,,,,,no_issue,no_issue,not_applicable,schedule_issue,normal,rebook_trial,review_course_issue,P1,
63080852,002,EGCC-tasneemmahmoud,2026-05-03 18:23:19,2026-05-03 18:23:19,1,1,2026-05-03 18:23:19,2026-05-03 18:23:19,1,1,2026-05-04 19:30 ~ 20:00,cancel,0,0,,,,,,,,0.0,0.0,no,weak_need,,,,,,no_issue,no_issue,not_applicable,schedule_issue,normal,rebook_trial,review_course_issue,P1,
63088252,001,EGCC-nadahassan,2026-05-04 01:06:06,2026-05-04 01:06:06,1,1,2026-05-04 01:06:06,2026-05-04 01:06:06,1,1,2026-05-04 15:00 ~ 15:30,cancel,0,0,,,,,,,,0.0,0.0,no,weak_need,,,,,,no_issue,no_issue,not_applicable,schedule_issue,normal,rebook_trial,review_course_issue,P1,
63089419,002,EGCC-fatmamohamed,2026-05-04 17:53:53,2026-05-04 17:53:53,1,1,2026-05-04 17:53:53,2026-05-04 17:53:53,1,1,2026-05-05 20:00 ~ 20:30,cancel,0,0,,,,,,,,0.0,0.0,no,weak_need,,,,,,no_issue,no_issue,not_applicable,schedule_issue,normal,rebook_trial,review_course_issue,P1,
63091389,002,EGCC-maiwaheed,2026-05-04 18:22:08,2026-05-04 18:22:08,1,1,2026-05-04 18:22:08,2026-05-04 18:22:08,1,1,2026-05-05 20:30 ~ 21:00,cancel,0,0,,,,,,,,0.0,0.0,no,weak_need,,,,,,no_issue,no_issue,not_applicable,schedule_issue,normal,rebook_trial,review_course_issue,P1,
63095710,002,EGCC-fatmamohamed,2026-05-05 00:31:23,2026-05-05 00:31:23,1,1,2026-05-05 00:31:23,2026-05-05 00:31:23,1,1,2026-05-05 15:30 ~ 16:00,cancel,0,0,,,,,,,,0.0,0.0,no,weak_need,,,,,,no_issue,no_issue,not_applicable,schedule_issue,normal,rebook_trial,review_course_issue,P1,
63098568,001,EGCC-nadahassan,2026-05-05 17:26:29,2026-05-05 17:26:29,1,1,2026-05-05 17:26:29,2026-05-05 17:26:29,1,1,2026-05-05 17:00 ~ 17:30,cancel,0,0,,,,,,,,0.0,0.0,no,weak_need,,,,,,no_issue,no_issue,not_applicable,schedule_issue,normal,rebook_trial,review_course_issue,P1,
63019612,002,EGCC-fatmamohamed,2026-05-04 01:14:15,2026-05-04 01:14:15,1,1,2026-04-26 19:36:52,2026-05-04 01:15:06,7,1,2026-04-27 13:30 ~ 14:00,on,4,1,2026-04-27 23:44:59,2026-04-27 18:44:59,2026-05-04 01:14:15,2026-05-03 20:14:15,285.0,9014.2,,0.0,0.0,no,unknown,,,,,,no_issue,no_issue,not_applicable,unknown,normal,manual_review,normal_followup,P2,
61455845,002,51nadamuhammad,2026-05-04 21:48:28,2026-05-04 21:48:28,1,1,2026-05-04 21:48:28,2026-05-04 21:48:28,1,1,,,0,0,,,,,,,,0.0,0.0,no,good_need,,,,,,no_issue,no_issue,not_applicable,unknown,normal,renewal_followup,normal_followup,P2,
